[2026-10-10T15:02:36.179+0000] {processor.py:161} INFO - Started process (PID=29) to work on /opt/airflow/dags/diabetes_training_dag.py
[2026-10-10T15:02:36.180+0000] {processor.py:830} INFO - Processing file /opt/airflow/dags/diabetes_training_dag.py for tasks to queue
[2026-10-10T15:02:36.182+0000] {logging_mixin.py:188} INFO - [2026-10-10T15:02:36.181+0000] {dagbag.py:538} INFO - Filling up the DagBag from /opt/airflow/dags/diabetes_training_dag.py
[2026-10-10T15:02:36.194+0000] {logging_mixin.py:188} INFO - [2026-10-10T15:02:36.192+0000] {dagbag.py:348} ERROR - Failed to import: /opt/airflow/dags/diabetes_training_dag.py
Traceback (most recent call last):
  File "/home/airflow/.local/lib/python3.10/site-packages/airflow/models/dagbag.py", line 344, in parse
    loader.exec_module(new_module)
  File "<frozen importlib._bootstrap_external>", line 883, in exec_module
  File "<frozen importlib._bootstrap>", line 241, in _call_with_frames_removed
  File "/opt/airflow/dags/diabetes_training_dag.py", line 9, in <module>
    from src.data.preprocessing import preprocess
  File "/opt/airflow/src/data/preprocessing.py", line 2, in <module>
    from sklearn.impute import KNNImputer
ModuleNotFoundError: No module named 'sklearn'
[2026-10-10T15:02:36.195+0000] {processor.py:842} WARNING - No viable dags retrieved from /opt/airflow/dags/diabetes_training_dag.py
[2026-10-10T15:02:36.249+0000] {processor.py:183} INFO - Processing /opt/airflow/dags/diabetes_training_dag.py took 0.079 seconds
[2026-10-10T15:03:06.400+0000] {processor.py:161} INFO - Started process (PID=30) to work on /opt/airflow/dags/diabetes_training_dag.py
[2026-10-10T15:03:06.403+0000] {processor.py:830} INFO - Processing file /opt/airflow/dags/diabetes_training_dag.py for tasks to queue
[2026-10-10T15:03:06.404+0000] {logging_mixin.py:188} INFO - [2026-10-10T15:03:06.403+0000] {dagbag.py:538} INFO - Filling up the DagBag from /opt/airflow/dags/diabetes_training_dag.py
[2026-10-10T15:03:06.411+0000] {logging_mixin.py:188} INFO - [2026-10-10T15:03:06.410+0000] {dagbag.py:348} ERROR - Failed to import: /opt/airflow/dags/diabetes_training_dag.py
Traceback (most recent call last):
  File "/home/airflow/.local/lib/python3.10/site-packages/airflow/models/dagbag.py", line 344, in parse
    loader.exec_module(new_module)
  File "<frozen importlib._bootstrap_external>", line 883, in exec_module
  File "<frozen importlib._bootstrap>", line 241, in _call_with_frames_removed
  File "/opt/airflow/dags/diabetes_training_dag.py", line 9, in <module>
    from src.data.preprocessing import preprocess
  File "/opt/airflow/src/data/preprocessing.py", line 2, in <module>
    from sklearn.impute import KNNImputer
ModuleNotFoundError: No module named 'sklearn'
[2026-10-10T15:03:06.412+0000] {processor.py:842} WARNING - No viable dags retrieved from /opt/airflow/dags/diabetes_training_dag.py
[2026-10-10T15:03:06.448+0000] {processor.py:183} INFO - Processing /opt/airflow/dags/diabetes_training_dag.py took 0.053 seconds
[2026-10-10T15:03:36.626+0000] {processor.py:161} INFO - Started process (PID=31) to work on /opt/airflow/dags/diabetes_training_dag.py
[2026-10-10T15:03:36.628+0000] {processor.py:830} INFO - Processing file /opt/airflow/dags/diabetes_training_dag.py for tasks to queue
[2026-10-10T15:03:36.629+0000] {logging_mixin.py:188} INFO - [2026-10-10T15:03:36.629+0000] {dagbag.py:538} INFO - Filling up the DagBag from /opt/airflow/dags/diabetes_training_dag.py
[2026-10-10T15:03:36.646+0000] {logging_mixin.py:188} INFO - [2026-10-10T15:03:36.645+0000] {dagbag.py:348} ERROR - Failed to import: /opt/airflow/dags/diabetes_training_dag.py
Traceback (most recent call last):
  File "/home/airflow/.local/lib/python3.10/site-packages/airflow/models/dagbag.py", line 344, in parse
    loader.exec_module(new_module)
  File "<frozen importlib._bootstrap_external>", line 883, in exec_module
  File "<frozen importlib._bootstrap>", line 241, in _call_with_frames_removed
  File "/opt/airflow/dags/diabetes_training_dag.py", line 9, in <module>
    from src.data.preprocessing import preprocess
  File "/opt/airflow/src/data/preprocessing.py", line 2, in <module>
    from sklearn.impute import KNNImputer
ModuleNotFoundError: No module named 'sklearn'
[2026-10-10T15:03:36.647+0000] {processor.py:842} WARNING - No viable dags retrieved from /opt/airflow/dags/diabetes_training_dag.py
[2026-10-10T15:03:36.712+0000] {processor.py:183} INFO - Processing /opt/airflow/dags/diabetes_training_dag.py took 0.092 seconds
[2026-10-10T15:04:06.858+0000] {processor.py:161} INFO - Started process (PID=32) to work on /opt/airflow/dags/diabetes_training_dag.py
[2026-10-10T15:04:06.862+0000] {processor.py:830} INFO - Processing file /opt/airflow/dags/diabetes_training_dag.py for tasks to queue
[2026-10-10T15:04:06.864+0000] {logging_mixin.py:188} INFO - [2026-10-10T15:04:06.863+0000] {dagbag.py:538} INFO - Filling up the DagBag from /opt/airflow/dags/diabetes_training_dag.py
[2026-10-10T15:04:06.872+0000] {logging_mixin.py:188} INFO - [2026-10-10T15:04:06.871+0000] {dagbag.py:348} ERROR - Failed to import: /opt/airflow/dags/diabetes_training_dag.py
Traceback (most recent call last):
  File "/home/airflow/.local/lib/python3.10/site-packages/airflow/models/dagbag.py", line 344, in parse
    loader.exec_module(new_module)
  File "<frozen importlib._bootstrap_external>", line 883, in exec_module
  File "<frozen importlib._bootstrap>", line 241, in _call_with_frames_removed
  File "/opt/airflow/dags/diabetes_training_dag.py", line 9, in <module>
    from src.data.preprocessing import preprocess
  File "/opt/airflow/src/data/preprocessing.py", line 2, in <module>
    from sklearn.impute import KNNImputer
ModuleNotFoundError: No module named 'sklearn'
[2026-10-10T15:04:06.873+0000] {processor.py:842} WARNING - No viable dags retrieved from /opt/airflow/dags/diabetes_training_dag.py
[2026-10-10T15:04:06.915+0000] {processor.py:183} INFO - Processing /opt/airflow/dags/diabetes_training_dag.py took 0.062 seconds
[2026-10-10T15:04:37.159+0000] {processor.py:161} INFO - Started process (PID=33) to work on /opt/airflow/dags/diabetes_training_dag.py
[2026-10-10T15:04:37.164+0000] {processor.py:830} INFO - Processing file /opt/airflow/dags/diabetes_training_dag.py for tasks to queue
[2026-10-10T15:04:37.168+0000] {logging_mixin.py:188} INFO - [2026-10-10T15:04:37.167+0000] {dagbag.py:538} INFO - Filling up the DagBag from /opt/airflow/dags/diabetes_training_dag.py
[2026-10-10T15:04:37.184+0000] {logging_mixin.py:188} INFO - [2026-10-10T15:04:37.181+0000] {dagbag.py:348} ERROR - Failed to import: /opt/airflow/dags/diabetes_training_dag.py
Traceback (most recent call last):
  File "/home/airflow/.local/lib/python3.10/site-packages/airflow/models/dagbag.py", line 344, in parse
    loader.exec_module(new_module)
  File "<frozen importlib._bootstrap_external>", line 883, in exec_module
  File "<frozen importlib._bootstrap>", line 241, in _call_with_frames_removed
  File "/opt/airflow/dags/diabetes_training_dag.py", line 9, in <module>
    from src.data.preprocessing import preprocess
  File "/opt/airflow/src/data/preprocessing.py", line 2, in <module>
    from sklearn.impute import KNNImputer
ModuleNotFoundError: No module named 'sklearn'
[2026-10-10T15:04:37.186+0000] {processor.py:842} WARNING - No viable dags retrieved from /opt/airflow/dags/diabetes_training_dag.py
[2026-10-10T15:04:37.251+0000] {processor.py:183} INFO - Processing /opt/airflow/dags/diabetes_training_dag.py took 0.099 seconds
[2026-10-10T15:05:40.306+0000] {processor.py:161} INFO - Started process (PID=29) to work on /opt/airflow/dags/diabetes_training_dag.py
[2026-10-10T15:05:40.308+0000] {processor.py:830} INFO - Processing file /opt/airflow/dags/diabetes_training_dag.py for tasks to queue
[2026-10-10T15:05:40.309+0000] {logging_mixin.py:188} INFO - [2026-10-10T15:05:40.309+0000] {dagbag.py:538} INFO - Filling up the DagBag from /opt/airflow/dags/diabetes_training_dag.py
[2026-10-10T15:05:40.315+0000] {logging_mixin.py:188} INFO - [2026-10-10T15:05:40.314+0000] {dagbag.py:348} ERROR - Failed to import: /opt/airflow/dags/diabetes_training_dag.py
Traceback (most recent call last):
  File "/home/airflow/.local/lib/python3.10/site-packages/airflow/models/dagbag.py", line 344, in parse
    loader.exec_module(new_module)
  File "<frozen importlib._bootstrap_external>", line 883, in exec_module
  File "<frozen importlib._bootstrap>", line 241, in _call_with_frames_removed
  File "/opt/airflow/dags/diabetes_training_dag.py", line 9, in <module>
    from src.data.preprocessing import preprocess
  File "/opt/airflow/src/data/preprocessing.py", line 2, in <module>
    from sklearn.impute import KNNImputer
ModuleNotFoundError: No module named 'sklearn'
[2026-10-10T15:05:40.315+0000] {processor.py:842} WARNING - No viable dags retrieved from /opt/airflow/dags/diabetes_training_dag.py
[2026-10-10T15:05:40.349+0000] {processor.py:183} INFO - Processing /opt/airflow/dags/diabetes_training_dag.py took 0.047 seconds
[2026-10-10T15:06:10.536+0000] {processor.py:161} INFO - Started process (PID=30) to work on /opt/airflow/dags/diabetes_training_dag.py
[2026-10-10T15:06:10.537+0000] {processor.py:830} INFO - Processing file /opt/airflow/dags/diabetes_training_dag.py for tasks to queue
[2026-10-10T15:06:10.538+0000] {logging_mixin.py:188} INFO - [2026-10-10T15:06:10.538+0000] {dagbag.py:538} INFO - Filling up the DagBag from /opt/airflow/dags/diabetes_training_dag.py
[2026-10-10T15:06:10.547+0000] {logging_mixin.py:188} INFO - [2026-10-10T15:06:10.546+0000] {dagbag.py:348} ERROR - Failed to import: /opt/airflow/dags/diabetes_training_dag.py
Traceback (most recent call last):
  File "/home/airflow/.local/lib/python3.10/site-packages/airflow/models/dagbag.py", line 344, in parse
    loader.exec_module(new_module)
  File "<frozen importlib._bootstrap_external>", line 883, in exec_module
  File "<frozen importlib._bootstrap>", line 241, in _call_with_frames_removed
  File "/opt/airflow/dags/diabetes_training_dag.py", line 9, in <module>
    from src.data.preprocessing import preprocess
  File "/opt/airflow/src/data/preprocessing.py", line 2, in <module>
    from sklearn.impute import KNNImputer
ModuleNotFoundError: No module named 'sklearn'
[2026-10-10T15:06:10.548+0000] {processor.py:842} WARNING - No viable dags retrieved from /opt/airflow/dags/diabetes_training_dag.py
[2026-10-10T15:06:10.591+0000] {processor.py:183} INFO - Processing /opt/airflow/dags/diabetes_training_dag.py took 0.060 seconds
[2026-10-10T15:06:40.738+0000] {processor.py:161} INFO - Started process (PID=31) to work on /opt/airflow/dags/diabetes_training_dag.py
[2026-10-10T15:06:40.742+0000] {processor.py:830} INFO - Processing file /opt/airflow/dags/diabetes_training_dag.py for tasks to queue
[2026-10-10T15:06:40.743+0000] {logging_mixin.py:188} INFO - [2026-10-10T15:06:40.742+0000] {dagbag.py:538} INFO - Filling up the DagBag from /opt/airflow/dags/diabetes_training_dag.py
[2026-10-10T15:06:40.757+0000] {logging_mixin.py:188} INFO - [2026-10-10T15:06:40.755+0000] {dagbag.py:348} ERROR - Failed to import: /opt/airflow/dags/diabetes_training_dag.py
Traceback (most recent call last):
  File "/home/airflow/.local/lib/python3.10/site-packages/airflow/models/dagbag.py", line 344, in parse
    loader.exec_module(new_module)
  File "<frozen importlib._bootstrap_external>", line 883, in exec_module
  File "<frozen importlib._bootstrap>", line 241, in _call_with_frames_removed
  File "/opt/airflow/dags/diabetes_training_dag.py", line 9, in <module>
    from src.data.preprocessing import preprocess
  File "/opt/airflow/src/data/preprocessing.py", line 2, in <module>
    from sklearn.impute import KNNImputer
ModuleNotFoundError: No module named 'sklearn'
[2026-10-10T15:06:40.758+0000] {processor.py:842} WARNING - No viable dags retrieved from /opt/airflow/dags/diabetes_training_dag.py
[2026-10-10T15:06:40.797+0000] {processor.py:183} INFO - Processing /opt/airflow/dags/diabetes_training_dag.py took 0.064 seconds
[2026-10-10T15:19:30.942+0000] {processor.py:161} INFO - Started process (PID=29) to work on /opt/airflow/dags/diabetes_training_dag.py
[2026-10-10T15:19:30.959+0000] {processor.py:830} INFO - Processing file /opt/airflow/dags/diabetes_training_dag.py for tasks to queue
[2026-10-10T15:19:30.960+0000] {logging_mixin.py:188} INFO - [2026-10-10T15:19:30.960+0000] {dagbag.py:538} INFO - Filling up the DagBag from /opt/airflow/dags/diabetes_training_dag.py
[2026-10-10T15:19:33.216+0000] {logging_mixin.py:188} INFO - [2026-10-10T15:19:33.216+0000] {font_manager.py:1639} INFO - generated new fontManager
[2026-10-10T15:19:34.296+0000] {logging_mixin.py:188} INFO - [2026-10-10T15:19:34.291+0000] {dagbag.py:348} ERROR - Failed to import: /opt/airflow/dags/diabetes_training_dag.py
Traceback (most recent call last):
  File "/home/airflow/.local/lib/python3.10/site-packages/airflow/models/dagbag.py", line 344, in parse
    loader.exec_module(new_module)
  File "<frozen importlib._bootstrap_external>", line 883, in exec_module
  File "<frozen importlib._bootstrap>", line 241, in _call_with_frames_removed
  File "/opt/airflow/dags/diabetes_training_dag.py", line 10, in <module>
    from src.clustering.cluster_analysis import cluster
  File "/opt/airflow/src/clustering/cluster_analysis.py", line 3, in <module>
    from src.clustering.kmeans import train_kmeans
  File "/opt/airflow/src/clustering/kmeans.py", line 2, in <module>
    import mlflow
  File "/home/airflow/.local/lib/python3.10/site-packages/mlflow/__init__.py", line 44, in <module>
    from mlflow import (
  File "/home/airflow/.local/lib/python3.10/site-packages/mlflow/genai/__init__.py", line 1, in <module>
    from mlflow.genai import (
  File "/home/airflow/.local/lib/python3.10/site-packages/mlflow/genai/judges/__init__.py", line 2, in <module>
    from mlflow.genai.judges import utils  # noqa: F401
  File "/home/airflow/.local/lib/python3.10/site-packages/mlflow/genai/judges/utils/__init__.py", line 15, in <module>
    from mlflow.genai.judges.adapters.litellm_adapter import (
  File "/home/airflow/.local/lib/python3.10/site-packages/mlflow/genai/judges/adapters/litellm_adapter.py", line 30, in <module>
    from mlflow.gateway.constants import MLFLOW_GATEWAY_CALLER_HEADER, GatewayCaller
  File "/home/airflow/.local/lib/python3.10/site-packages/mlflow/gateway/__init__.py", line 1, in <module>
    from mlflow.gateway.utils import get_gateway_uri, set_gateway_uri
  File "/home/airflow/.local/lib/python3.10/site-packages/mlflow/gateway/utils.py", line 10, in <module>
    from fastapi import HTTPException
  File "/home/airflow/.local/lib/python3.10/site-packages/fastapi/__init__.py", line 7, in <module>
    from .applications import FastAPI as FastAPI
  File "/home/airflow/.local/lib/python3.10/site-packages/fastapi/applications.py", line 7, in <module>
    from fastapi import routing
  File "/home/airflow/.local/lib/python3.10/site-packages/fastapi/routing.py", line 45, in <module>
    from fastapi import params
  File "/home/airflow/.local/lib/python3.10/site-packages/fastapi/params.py", line 8, in <module>
    from fastapi.openapi.models import Example
  File "/home/airflow/.local/lib/python3.10/site-packages/fastapi/openapi/models.py", line 61, in <module>
    class Contact(BaseModelWithConfig):
  File "/home/airflow/.local/lib/python3.10/site-packages/pydantic/_internal/_model_construction.py", line 253, in __new__
    complete_model_class(
  File "/home/airflow/.local/lib/python3.10/site-packages/pydantic/_internal/_model_construction.py", line 628, in complete_model_class
    schema = gen_schema.generate_schema(cls)
  File "/home/airflow/.local/lib/python3.10/site-packages/pydantic/_internal/_generate_schema.py", line 794, in generate_schema
    schema = self._generate_schema_inner(obj, origin)
  File "/home/airflow/.local/lib/python3.10/site-packages/pydantic/_internal/_generate_schema.py", line 1095, in _generate_schema_inner
    return self._model_schema(obj)
  File "/home/airflow/.local/lib/python3.10/site-packages/pydantic/_internal/_generate_schema.py", line 920, in _model_schema
    {k: self._generate_md_field_schema(k, v, decorators) for k, v in fields.items()},
  File "/home/airflow/.local/lib/python3.10/site-packages/pydantic/_internal/_generate_schema.py", line 920, in <dictcomp>
    {k: self._generate_md_field_schema(k, v, decorators) for k, v in fields.items()},
  File "/home/airflow/.local/lib/python3.10/site-packages/pydantic/_internal/_generate_schema.py", line 1227, in _generate_md_field_schema
    schema, metadata = self._common_field_schema(name, field_info, decorators)
  File "/home/airflow/.local/lib/python3.10/site-packages/pydantic/_internal/_generate_schema.py", line 1284, in _common_field_schema
    schema = self._apply_annotations(
  File "/home/airflow/.local/lib/python3.10/site-packages/pydantic/_internal/_generate_schema.py", line 2287, in _apply_annotations
    schema = get_inner_schema(source_type)
  File "/home/airflow/.local/lib/python3.10/site-packages/pydantic/_internal/_schema_generation_shared.py", line 84, in __call__
    schema = self._handler(source_type)
  File "/home/airflow/.local/lib/python3.10/site-packages/pydantic/_internal/_generate_schema.py", line 2265, in inner_handler
    schema = self._generate_schema_inner(obj, origin)
  File "/home/airflow/.local/lib/python3.10/site-packages/pydantic/_internal/_generate_schema.py", line 1073, in _generate_schema_inner
    return self._union_schema(obj)
  File "/home/airflow/.local/lib/python3.10/site-packages/pydantic/_internal/_generate_schema.py", line 1334, in _union_schema
    choices.append(self.generate_schema(arg))
  File "/home/airflow/.local/lib/python3.10/site-packages/pydantic/_internal/_generate_schema.py", line 791, in generate_schema
    schema = self._generate_schema_from_get_schema_method(obj, obj)
  File "/home/airflow/.local/lib/python3.10/site-packages/pydantic/_internal/_generate_schema.py", line 980, in _generate_schema_from_get_schema_method
    schema = get_schema(
  File "/home/airflow/.local/lib/python3.10/site-packages/pydantic/networks.py", line 1080, in __get_pydantic_core_schema__
    import_email_validator()
  File "/home/airflow/.local/lib/python3.10/site-packages/pydantic/networks.py", line 1044, in import_email_validator
    raise ImportError('email-validator version >= 2.0 required, run pip install -U email-validator')
ImportError: email-validator version >= 2.0 required, run pip install -U email-validator
[2026-10-10T15:19:34.297+0000] {processor.py:842} WARNING - No viable dags retrieved from /opt/airflow/dags/diabetes_training_dag.py
[2026-10-10T15:19:34.333+0000] {processor.py:183} INFO - Processing /opt/airflow/dags/diabetes_training_dag.py took 3.397 seconds
[2026-10-10T15:20:04.558+0000] {processor.py:161} INFO - Started process (PID=45) to work on /opt/airflow/dags/diabetes_training_dag.py
[2026-10-10T15:20:04.571+0000] {processor.py:830} INFO - Processing file /opt/airflow/dags/diabetes_training_dag.py for tasks to queue
[2026-10-10T15:20:04.573+0000] {logging_mixin.py:188} INFO - [2026-10-10T15:20:04.572+0000] {dagbag.py:538} INFO - Filling up the DagBag from /opt/airflow/dags/diabetes_training_dag.py
[2026-10-10T15:20:06.681+0000] {logging_mixin.py:188} INFO - [2026-10-10T15:20:06.677+0000] {dagbag.py:348} ERROR - Failed to import: /opt/airflow/dags/diabetes_training_dag.py
Traceback (most recent call last):
  File "/home/airflow/.local/lib/python3.10/site-packages/airflow/models/dagbag.py", line 344, in parse
    loader.exec_module(new_module)
  File "<frozen importlib._bootstrap_external>", line 883, in exec_module
  File "<frozen importlib._bootstrap>", line 241, in _call_with_frames_removed
  File "/opt/airflow/dags/diabetes_training_dag.py", line 10, in <module>
    from src.clustering.cluster_analysis import cluster
  File "/opt/airflow/src/clustering/cluster_analysis.py", line 3, in <module>
    from src.clustering.kmeans import train_kmeans
  File "/opt/airflow/src/clustering/kmeans.py", line 2, in <module>
    import mlflow
  File "/home/airflow/.local/lib/python3.10/site-packages/mlflow/__init__.py", line 44, in <module>
    from mlflow import (
  File "/home/airflow/.local/lib/python3.10/site-packages/mlflow/genai/__init__.py", line 1, in <module>
    from mlflow.genai import (
  File "/home/airflow/.local/lib/python3.10/site-packages/mlflow/genai/judges/__init__.py", line 2, in <module>
    from mlflow.genai.judges import utils  # noqa: F401
  File "/home/airflow/.local/lib/python3.10/site-packages/mlflow/genai/judges/utils/__init__.py", line 15, in <module>
    from mlflow.genai.judges.adapters.litellm_adapter import (
  File "/home/airflow/.local/lib/python3.10/site-packages/mlflow/genai/judges/adapters/litellm_adapter.py", line 30, in <module>
    from mlflow.gateway.constants import MLFLOW_GATEWAY_CALLER_HEADER, GatewayCaller
  File "/home/airflow/.local/lib/python3.10/site-packages/mlflow/gateway/__init__.py", line 1, in <module>
    from mlflow.gateway.utils import get_gateway_uri, set_gateway_uri
  File "/home/airflow/.local/lib/python3.10/site-packages/mlflow/gateway/utils.py", line 10, in <module>
    from fastapi import HTTPException
  File "/home/airflow/.local/lib/python3.10/site-packages/fastapi/__init__.py", line 7, in <module>
    from .applications import FastAPI as FastAPI
  File "/home/airflow/.local/lib/python3.10/site-packages/fastapi/applications.py", line 7, in <module>
    from fastapi import routing
  File "/home/airflow/.local/lib/python3.10/site-packages/fastapi/routing.py", line 45, in <module>
    from fastapi import params
  File "/home/airflow/.local/lib/python3.10/site-packages/fastapi/params.py", line 8, in <module>
    from fastapi.openapi.models import Example
  File "/home/airflow/.local/lib/python3.10/site-packages/fastapi/openapi/models.py", line 61, in <module>
    class Contact(BaseModelWithConfig):
  File "/home/airflow/.local/lib/python3.10/site-packages/pydantic/_internal/_model_construction.py", line 253, in __new__
    complete_model_class(
  File "/home/airflow/.local/lib/python3.10/site-packages/pydantic/_internal/_model_construction.py", line 628, in complete_model_class
    schema = gen_schema.generate_schema(cls)
  File "/home/airflow/.local/lib/python3.10/site-packages/pydantic/_internal/_generate_schema.py", line 794, in generate_schema
    schema = self._generate_schema_inner(obj, origin)
  File "/home/airflow/.local/lib/python3.10/site-packages/pydantic/_internal/_generate_schema.py", line 1095, in _generate_schema_inner
    return self._model_schema(obj)
  File "/home/airflow/.local/lib/python3.10/site-packages/pydantic/_internal/_generate_schema.py", line 920, in _model_schema
    {k: self._generate_md_field_schema(k, v, decorators) for k, v in fields.items()},
  File "/home/airflow/.local/lib/python3.10/site-packages/pydantic/_internal/_generate_schema.py", line 920, in <dictcomp>
    {k: self._generate_md_field_schema(k, v, decorators) for k, v in fields.items()},
  File "/home/airflow/.local/lib/python3.10/site-packages/pydantic/_internal/_generate_schema.py", line 1227, in _generate_md_field_schema
    schema, metadata = self._common_field_schema(name, field_info, decorators)
  File "/home/airflow/.local/lib/python3.10/site-packages/pydantic/_internal/_generate_schema.py", line 1284, in _common_field_schema
    schema = self._apply_annotations(
  File "/home/airflow/.local/lib/python3.10/site-packages/pydantic/_internal/_generate_schema.py", line 2287, in _apply_annotations
    schema = get_inner_schema(source_type)
  File "/home/airflow/.local/lib/python3.10/site-packages/pydantic/_internal/_schema_generation_shared.py", line 84, in __call__
    schema = self._handler(source_type)
  File "/home/airflow/.local/lib/python3.10/site-packages/pydantic/_internal/_generate_schema.py", line 2265, in inner_handler
    schema = self._generate_schema_inner(obj, origin)
  File "/home/airflow/.local/lib/python3.10/site-packages/pydantic/_internal/_generate_schema.py", line 1073, in _generate_schema_inner
    return self._union_schema(obj)
  File "/home/airflow/.local/lib/python3.10/site-packages/pydantic/_internal/_generate_schema.py", line 1334, in _union_schema
    choices.append(self.generate_schema(arg))
  File "/home/airflow/.local/lib/python3.10/site-packages/pydantic/_internal/_generate_schema.py", line 791, in generate_schema
    schema = self._generate_schema_from_get_schema_method(obj, obj)
  File "/home/airflow/.local/lib/python3.10/site-packages/pydantic/_internal/_generate_schema.py", line 980, in _generate_schema_from_get_schema_method
    schema = get_schema(
  File "/home/airflow/.local/lib/python3.10/site-packages/pydantic/networks.py", line 1080, in __get_pydantic_core_schema__
    import_email_validator()
  File "/home/airflow/.local/lib/python3.10/site-packages/pydantic/networks.py", line 1044, in import_email_validator
    raise ImportError('email-validator version >= 2.0 required, run pip install -U email-validator')
ImportError: email-validator version >= 2.0 required, run pip install -U email-validator
[2026-10-10T15:20:06.682+0000] {processor.py:842} WARNING - No viable dags retrieved from /opt/airflow/dags/diabetes_training_dag.py
[2026-10-10T15:20:06.727+0000] {processor.py:183} INFO - Processing /opt/airflow/dags/diabetes_training_dag.py took 2.177 seconds
[2026-10-10T15:20:36.946+0000] {processor.py:161} INFO - Started process (PID=59) to work on /opt/airflow/dags/diabetes_training_dag.py
[2026-10-10T15:20:36.947+0000] {processor.py:830} INFO - Processing file /opt/airflow/dags/diabetes_training_dag.py for tasks to queue
[2026-10-10T15:20:36.948+0000] {logging_mixin.py:188} INFO - [2026-10-10T15:20:36.947+0000] {dagbag.py:538} INFO - Filling up the DagBag from /opt/airflow/dags/diabetes_training_dag.py
[2026-10-10T15:20:38.993+0000] {logging_mixin.py:188} INFO - [2026-10-10T15:20:38.989+0000] {dagbag.py:348} ERROR - Failed to import: /opt/airflow/dags/diabetes_training_dag.py
Traceback (most recent call last):
  File "/home/airflow/.local/lib/python3.10/site-packages/airflow/models/dagbag.py", line 344, in parse
    loader.exec_module(new_module)
  File "<frozen importlib._bootstrap_external>", line 883, in exec_module
  File "<frozen importlib._bootstrap>", line 241, in _call_with_frames_removed
  File "/opt/airflow/dags/diabetes_training_dag.py", line 10, in <module>
    from src.clustering.cluster_analysis import cluster
  File "/opt/airflow/src/clustering/cluster_analysis.py", line 3, in <module>
    from src.clustering.kmeans import train_kmeans
  File "/opt/airflow/src/clustering/kmeans.py", line 2, in <module>
    import mlflow
  File "/home/airflow/.local/lib/python3.10/site-packages/mlflow/__init__.py", line 44, in <module>
    from mlflow import (
  File "/home/airflow/.local/lib/python3.10/site-packages/mlflow/genai/__init__.py", line 1, in <module>
    from mlflow.genai import (
  File "/home/airflow/.local/lib/python3.10/site-packages/mlflow/genai/judges/__init__.py", line 2, in <module>
    from mlflow.genai.judges import utils  # noqa: F401
  File "/home/airflow/.local/lib/python3.10/site-packages/mlflow/genai/judges/utils/__init__.py", line 15, in <module>
    from mlflow.genai.judges.adapters.litellm_adapter import (
  File "/home/airflow/.local/lib/python3.10/site-packages/mlflow/genai/judges/adapters/litellm_adapter.py", line 30, in <module>
    from mlflow.gateway.constants import MLFLOW_GATEWAY_CALLER_HEADER, GatewayCaller
  File "/home/airflow/.local/lib/python3.10/site-packages/mlflow/gateway/__init__.py", line 1, in <module>
    from mlflow.gateway.utils import get_gateway_uri, set_gateway_uri
  File "/home/airflow/.local/lib/python3.10/site-packages/mlflow/gateway/utils.py", line 10, in <module>
    from fastapi import HTTPException
  File "/home/airflow/.local/lib/python3.10/site-packages/fastapi/__init__.py", line 7, in <module>
    from .applications import FastAPI as FastAPI
  File "/home/airflow/.local/lib/python3.10/site-packages/fastapi/applications.py", line 7, in <module>
    from fastapi import routing
  File "/home/airflow/.local/lib/python3.10/site-packages/fastapi/routing.py", line 45, in <module>
    from fastapi import params
  File "/home/airflow/.local/lib/python3.10/site-packages/fastapi/params.py", line 8, in <module>
    from fastapi.openapi.models import Example
  File "/home/airflow/.local/lib/python3.10/site-packages/fastapi/openapi/models.py", line 61, in <module>
    class Contact(BaseModelWithConfig):
  File "/home/airflow/.local/lib/python3.10/site-packages/pydantic/_internal/_model_construction.py", line 253, in __new__
    complete_model_class(
  File "/home/airflow/.local/lib/python3.10/site-packages/pydantic/_internal/_model_construction.py", line 628, in complete_model_class
    schema = gen_schema.generate_schema(cls)
  File "/home/airflow/.local/lib/python3.10/site-packages/pydantic/_internal/_generate_schema.py", line 794, in generate_schema
    schema = self._generate_schema_inner(obj, origin)
  File "/home/airflow/.local/lib/python3.10/site-packages/pydantic/_internal/_generate_schema.py", line 1095, in _generate_schema_inner
    return self._model_schema(obj)
  File "/home/airflow/.local/lib/python3.10/site-packages/pydantic/_internal/_generate_schema.py", line 920, in _model_schema
    {k: self._generate_md_field_schema(k, v, decorators) for k, v in fields.items()},
  File "/home/airflow/.local/lib/python3.10/site-packages/pydantic/_internal/_generate_schema.py", line 920, in <dictcomp>
    {k: self._generate_md_field_schema(k, v, decorators) for k, v in fields.items()},
  File "/home/airflow/.local/lib/python3.10/site-packages/pydantic/_internal/_generate_schema.py", line 1227, in _generate_md_field_schema
    schema, metadata = self._common_field_schema(name, field_info, decorators)
  File "/home/airflow/.local/lib/python3.10/site-packages/pydantic/_internal/_generate_schema.py", line 1284, in _common_field_schema
    schema = self._apply_annotations(
  File "/home/airflow/.local/lib/python3.10/site-packages/pydantic/_internal/_generate_schema.py", line 2287, in _apply_annotations
    schema = get_inner_schema(source_type)
  File "/home/airflow/.local/lib/python3.10/site-packages/pydantic/_internal/_schema_generation_shared.py", line 84, in __call__
    schema = self._handler(source_type)
  File "/home/airflow/.local/lib/python3.10/site-packages/pydantic/_internal/_generate_schema.py", line 2265, in inner_handler
    schema = self._generate_schema_inner(obj, origin)
  File "/home/airflow/.local/lib/python3.10/site-packages/pydantic/_internal/_generate_schema.py", line 1073, in _generate_schema_inner
    return self._union_schema(obj)
  File "/home/airflow/.local/lib/python3.10/site-packages/pydantic/_internal/_generate_schema.py", line 1334, in _union_schema
    choices.append(self.generate_schema(arg))
  File "/home/airflow/.local/lib/python3.10/site-packages/pydantic/_internal/_generate_schema.py", line 791, in generate_schema
    schema = self._generate_schema_from_get_schema_method(obj, obj)
  File "/home/airflow/.local/lib/python3.10/site-packages/pydantic/_internal/_generate_schema.py", line 980, in _generate_schema_from_get_schema_method
    schema = get_schema(
  File "/home/airflow/.local/lib/python3.10/site-packages/pydantic/networks.py", line 1080, in __get_pydantic_core_schema__
    import_email_validator()
  File "/home/airflow/.local/lib/python3.10/site-packages/pydantic/networks.py", line 1044, in import_email_validator
    raise ImportError('email-validator version >= 2.0 required, run pip install -U email-validator')
ImportError: email-validator version >= 2.0 required, run pip install -U email-validator
[2026-10-10T15:20:38.994+0000] {processor.py:842} WARNING - No viable dags retrieved from /opt/airflow/dags/diabetes_training_dag.py
[2026-10-10T15:20:39.030+0000] {processor.py:183} INFO - Processing /opt/airflow/dags/diabetes_training_dag.py took 2.087 seconds
[2026-10-10T15:21:09.163+0000] {processor.py:161} INFO - Started process (PID=73) to work on /opt/airflow/dags/diabetes_training_dag.py
[2026-10-10T15:21:09.167+0000] {processor.py:830} INFO - Processing file /opt/airflow/dags/diabetes_training_dag.py for tasks to queue
[2026-10-10T15:21:09.169+0000] {logging_mixin.py:188} INFO - [2026-10-10T15:21:09.168+0000] {dagbag.py:538} INFO - Filling up the DagBag from /opt/airflow/dags/diabetes_training_dag.py
[2026-10-10T15:21:11.140+0000] {logging_mixin.py:188} INFO - [2026-10-10T15:21:11.135+0000] {dagbag.py:348} ERROR - Failed to import: /opt/airflow/dags/diabetes_training_dag.py
Traceback (most recent call last):
  File "/home/airflow/.local/lib/python3.10/site-packages/airflow/models/dagbag.py", line 344, in parse
    loader.exec_module(new_module)
  File "<frozen importlib._bootstrap_external>", line 883, in exec_module
  File "<frozen importlib._bootstrap>", line 241, in _call_with_frames_removed
  File "/opt/airflow/dags/diabetes_training_dag.py", line 10, in <module>
    from src.clustering.cluster_analysis import cluster
  File "/opt/airflow/src/clustering/cluster_analysis.py", line 3, in <module>
    from src.clustering.kmeans import train_kmeans
  File "/opt/airflow/src/clustering/kmeans.py", line 2, in <module>
    import mlflow
  File "/home/airflow/.local/lib/python3.10/site-packages/mlflow/__init__.py", line 44, in <module>
    from mlflow import (
  File "/home/airflow/.local/lib/python3.10/site-packages/mlflow/genai/__init__.py", line 1, in <module>
    from mlflow.genai import (
  File "/home/airflow/.local/lib/python3.10/site-packages/mlflow/genai/judges/__init__.py", line 2, in <module>
    from mlflow.genai.judges import utils  # noqa: F401
  File "/home/airflow/.local/lib/python3.10/site-packages/mlflow/genai/judges/utils/__init__.py", line 15, in <module>
    from mlflow.genai.judges.adapters.litellm_adapter import (
  File "/home/airflow/.local/lib/python3.10/site-packages/mlflow/genai/judges/adapters/litellm_adapter.py", line 30, in <module>
    from mlflow.gateway.constants import MLFLOW_GATEWAY_CALLER_HEADER, GatewayCaller
  File "/home/airflow/.local/lib/python3.10/site-packages/mlflow/gateway/__init__.py", line 1, in <module>
    from mlflow.gateway.utils import get_gateway_uri, set_gateway_uri
  File "/home/airflow/.local/lib/python3.10/site-packages/mlflow/gateway/utils.py", line 10, in <module>
    from fastapi import HTTPException
  File "/home/airflow/.local/lib/python3.10/site-packages/fastapi/__init__.py", line 7, in <module>
    from .applications import FastAPI as FastAPI
  File "/home/airflow/.local/lib/python3.10/site-packages/fastapi/applications.py", line 7, in <module>
    from fastapi import routing
  File "/home/airflow/.local/lib/python3.10/site-packages/fastapi/routing.py", line 45, in <module>
    from fastapi import params
  File "/home/airflow/.local/lib/python3.10/site-packages/fastapi/params.py", line 8, in <module>
    from fastapi.openapi.models import Example
  File "/home/airflow/.local/lib/python3.10/site-packages/fastapi/openapi/models.py", line 61, in <module>
    class Contact(BaseModelWithConfig):
  File "/home/airflow/.local/lib/python3.10/site-packages/pydantic/_internal/_model_construction.py", line 253, in __new__
    complete_model_class(
  File "/home/airflow/.local/lib/python3.10/site-packages/pydantic/_internal/_model_construction.py", line 628, in complete_model_class
    schema = gen_schema.generate_schema(cls)
  File "/home/airflow/.local/lib/python3.10/site-packages/pydantic/_internal/_generate_schema.py", line 794, in generate_schema
    schema = self._generate_schema_inner(obj, origin)
  File "/home/airflow/.local/lib/python3.10/site-packages/pydantic/_internal/_generate_schema.py", line 1095, in _generate_schema_inner
    return self._model_schema(obj)
  File "/home/airflow/.local/lib/python3.10/site-packages/pydantic/_internal/_generate_schema.py", line 920, in _model_schema
    {k: self._generate_md_field_schema(k, v, decorators) for k, v in fields.items()},
  File "/home/airflow/.local/lib/python3.10/site-packages/pydantic/_internal/_generate_schema.py", line 920, in <dictcomp>
    {k: self._generate_md_field_schema(k, v, decorators) for k, v in fields.items()},
  File "/home/airflow/.local/lib/python3.10/site-packages/pydantic/_internal/_generate_schema.py", line 1227, in _generate_md_field_schema
    schema, metadata = self._common_field_schema(name, field_info, decorators)
  File "/home/airflow/.local/lib/python3.10/site-packages/pydantic/_internal/_generate_schema.py", line 1284, in _common_field_schema
    schema = self._apply_annotations(
  File "/home/airflow/.local/lib/python3.10/site-packages/pydantic/_internal/_generate_schema.py", line 2287, in _apply_annotations
    schema = get_inner_schema(source_type)
  File "/home/airflow/.local/lib/python3.10/site-packages/pydantic/_internal/_schema_generation_shared.py", line 84, in __call__
    schema = self._handler(source_type)
  File "/home/airflow/.local/lib/python3.10/site-packages/pydantic/_internal/_generate_schema.py", line 2265, in inner_handler
    schema = self._generate_schema_inner(obj, origin)
  File "/home/airflow/.local/lib/python3.10/site-packages/pydantic/_internal/_generate_schema.py", line 1073, in _generate_schema_inner
    return self._union_schema(obj)
  File "/home/airflow/.local/lib/python3.10/site-packages/pydantic/_internal/_generate_schema.py", line 1334, in _union_schema
    choices.append(self.generate_schema(arg))
  File "/home/airflow/.local/lib/python3.10/site-packages/pydantic/_internal/_generate_schema.py", line 791, in generate_schema
    schema = self._generate_schema_from_get_schema_method(obj, obj)
  File "/home/airflow/.local/lib/python3.10/site-packages/pydantic/_internal/_generate_schema.py", line 980, in _generate_schema_from_get_schema_method
    schema = get_schema(
  File "/home/airflow/.local/lib/python3.10/site-packages/pydantic/networks.py", line 1080, in __get_pydantic_core_schema__
    import_email_validator()
  File "/home/airflow/.local/lib/python3.10/site-packages/pydantic/networks.py", line 1044, in import_email_validator
    raise ImportError('email-validator version >= 2.0 required, run pip install -U email-validator')
ImportError: email-validator version >= 2.0 required, run pip install -U email-validator
[2026-10-10T15:21:11.141+0000] {processor.py:842} WARNING - No viable dags retrieved from /opt/airflow/dags/diabetes_training_dag.py
[2026-10-10T15:21:11.171+0000] {processor.py:183} INFO - Processing /opt/airflow/dags/diabetes_training_dag.py took 2.014 seconds
[2026-10-10T15:21:41.357+0000] {processor.py:161} INFO - Started process (PID=87) to work on /opt/airflow/dags/diabetes_training_dag.py
[2026-10-10T15:21:41.361+0000] {processor.py:830} INFO - Processing file /opt/airflow/dags/diabetes_training_dag.py for tasks to queue
[2026-10-10T15:21:41.362+0000] {logging_mixin.py:188} INFO - [2026-10-10T15:21:41.361+0000] {dagbag.py:538} INFO - Filling up the DagBag from /opt/airflow/dags/diabetes_training_dag.py
[2026-10-10T15:21:43.236+0000] {logging_mixin.py:188} INFO - [2026-10-10T15:21:43.232+0000] {dagbag.py:348} ERROR - Failed to import: /opt/airflow/dags/diabetes_training_dag.py
Traceback (most recent call last):
  File "/home/airflow/.local/lib/python3.10/site-packages/airflow/models/dagbag.py", line 344, in parse
    loader.exec_module(new_module)
  File "<frozen importlib._bootstrap_external>", line 883, in exec_module
  File "<frozen importlib._bootstrap>", line 241, in _call_with_frames_removed
  File "/opt/airflow/dags/diabetes_training_dag.py", line 10, in <module>
    from src.clustering.cluster_analysis import cluster
  File "/opt/airflow/src/clustering/cluster_analysis.py", line 3, in <module>
    from src.clustering.kmeans import train_kmeans
  File "/opt/airflow/src/clustering/kmeans.py", line 2, in <module>
    import mlflow
  File "/home/airflow/.local/lib/python3.10/site-packages/mlflow/__init__.py", line 44, in <module>
    from mlflow import (
  File "/home/airflow/.local/lib/python3.10/site-packages/mlflow/genai/__init__.py", line 1, in <module>
    from mlflow.genai import (
  File "/home/airflow/.local/lib/python3.10/site-packages/mlflow/genai/judges/__init__.py", line 2, in <module>
    from mlflow.genai.judges import utils  # noqa: F401
  File "/home/airflow/.local/lib/python3.10/site-packages/mlflow/genai/judges/utils/__init__.py", line 15, in <module>
    from mlflow.genai.judges.adapters.litellm_adapter import (
  File "/home/airflow/.local/lib/python3.10/site-packages/mlflow/genai/judges/adapters/litellm_adapter.py", line 30, in <module>
    from mlflow.gateway.constants import MLFLOW_GATEWAY_CALLER_HEADER, GatewayCaller
  File "/home/airflow/.local/lib/python3.10/site-packages/mlflow/gateway/__init__.py", line 1, in <module>
    from mlflow.gateway.utils import get_gateway_uri, set_gateway_uri
  File "/home/airflow/.local/lib/python3.10/site-packages/mlflow/gateway/utils.py", line 10, in <module>
    from fastapi import HTTPException
  File "/home/airflow/.local/lib/python3.10/site-packages/fastapi/__init__.py", line 7, in <module>
    from .applications import FastAPI as FastAPI
  File "/home/airflow/.local/lib/python3.10/site-packages/fastapi/applications.py", line 7, in <module>
    from fastapi import routing
  File "/home/airflow/.local/lib/python3.10/site-packages/fastapi/routing.py", line 45, in <module>
    from fastapi import params
  File "/home/airflow/.local/lib/python3.10/site-packages/fastapi/params.py", line 8, in <module>
    from fastapi.openapi.models import Example
  File "/home/airflow/.local/lib/python3.10/site-packages/fastapi/openapi/models.py", line 61, in <module>
    class Contact(BaseModelWithConfig):
  File "/home/airflow/.local/lib/python3.10/site-packages/pydantic/_internal/_model_construction.py", line 253, in __new__
    complete_model_class(
  File "/home/airflow/.local/lib/python3.10/site-packages/pydantic/_internal/_model_construction.py", line 628, in complete_model_class
    schema = gen_schema.generate_schema(cls)
  File "/home/airflow/.local/lib/python3.10/site-packages/pydantic/_internal/_generate_schema.py", line 794, in generate_schema
    schema = self._generate_schema_inner(obj, origin)
  File "/home/airflow/.local/lib/python3.10/site-packages/pydantic/_internal/_generate_schema.py", line 1095, in _generate_schema_inner
    return self._model_schema(obj)
  File "/home/airflow/.local/lib/python3.10/site-packages/pydantic/_internal/_generate_schema.py", line 920, in _model_schema
    {k: self._generate_md_field_schema(k, v, decorators) for k, v in fields.items()},
  File "/home/airflow/.local/lib/python3.10/site-packages/pydantic/_internal/_generate_schema.py", line 920, in <dictcomp>
    {k: self._generate_md_field_schema(k, v, decorators) for k, v in fields.items()},
  File "/home/airflow/.local/lib/python3.10/site-packages/pydantic/_internal/_generate_schema.py", line 1227, in _generate_md_field_schema
    schema, metadata = self._common_field_schema(name, field_info, decorators)
  File "/home/airflow/.local/lib/python3.10/site-packages/pydantic/_internal/_generate_schema.py", line 1284, in _common_field_schema
    schema = self._apply_annotations(
  File "/home/airflow/.local/lib/python3.10/site-packages/pydantic/_internal/_generate_schema.py", line 2287, in _apply_annotations
    schema = get_inner_schema(source_type)
  File "/home/airflow/.local/lib/python3.10/site-packages/pydantic/_internal/_schema_generation_shared.py", line 84, in __call__
    schema = self._handler(source_type)
  File "/home/airflow/.local/lib/python3.10/site-packages/pydantic/_internal/_generate_schema.py", line 2265, in inner_handler
    schema = self._generate_schema_inner(obj, origin)
  File "/home/airflow/.local/lib/python3.10/site-packages/pydantic/_internal/_generate_schema.py", line 1073, in _generate_schema_inner
    return self._union_schema(obj)
  File "/home/airflow/.local/lib/python3.10/site-packages/pydantic/_internal/_generate_schema.py", line 1334, in _union_schema
    choices.append(self.generate_schema(arg))
  File "/home/airflow/.local/lib/python3.10/site-packages/pydantic/_internal/_generate_schema.py", line 791, in generate_schema
    schema = self._generate_schema_from_get_schema_method(obj, obj)
  File "/home/airflow/.local/lib/python3.10/site-packages/pydantic/_internal/_generate_schema.py", line 980, in _generate_schema_from_get_schema_method
    schema = get_schema(
  File "/home/airflow/.local/lib/python3.10/site-packages/pydantic/networks.py", line 1080, in __get_pydantic_core_schema__
    import_email_validator()
  File "/home/airflow/.local/lib/python3.10/site-packages/pydantic/networks.py", line 1044, in import_email_validator
    raise ImportError('email-validator version >= 2.0 required, run pip install -U email-validator')
ImportError: email-validator version >= 2.0 required, run pip install -U email-validator
[2026-10-10T15:21:43.237+0000] {processor.py:842} WARNING - No viable dags retrieved from /opt/airflow/dags/diabetes_training_dag.py
[2026-10-10T15:21:43.269+0000] {processor.py:183} INFO - Processing /opt/airflow/dags/diabetes_training_dag.py took 1.915 seconds
[2026-10-10T15:22:13.502+0000] {processor.py:161} INFO - Started process (PID=101) to work on /opt/airflow/dags/diabetes_training_dag.py
[2026-10-10T15:22:13.503+0000] {processor.py:830} INFO - Processing file /opt/airflow/dags/diabetes_training_dag.py for tasks to queue
[2026-10-10T15:22:13.504+0000] {logging_mixin.py:188} INFO - [2026-10-10T15:22:13.504+0000] {dagbag.py:538} INFO - Filling up the DagBag from /opt/airflow/dags/diabetes_training_dag.py
[2026-10-10T15:22:15.420+0000] {logging_mixin.py:188} INFO - [2026-10-10T15:22:15.415+0000] {dagbag.py:348} ERROR - Failed to import: /opt/airflow/dags/diabetes_training_dag.py
Traceback (most recent call last):
  File "/home/airflow/.local/lib/python3.10/site-packages/airflow/models/dagbag.py", line 344, in parse
    loader.exec_module(new_module)
  File "<frozen importlib._bootstrap_external>", line 883, in exec_module
  File "<frozen importlib._bootstrap>", line 241, in _call_with_frames_removed
  File "/opt/airflow/dags/diabetes_training_dag.py", line 10, in <module>
    from src.clustering.cluster_analysis import cluster
  File "/opt/airflow/src/clustering/cluster_analysis.py", line 3, in <module>
    from src.clustering.kmeans import train_kmeans
  File "/opt/airflow/src/clustering/kmeans.py", line 2, in <module>
    import mlflow
  File "/home/airflow/.local/lib/python3.10/site-packages/mlflow/__init__.py", line 44, in <module>
    from mlflow import (
  File "/home/airflow/.local/lib/python3.10/site-packages/mlflow/genai/__init__.py", line 1, in <module>
    from mlflow.genai import (
  File "/home/airflow/.local/lib/python3.10/site-packages/mlflow/genai/judges/__init__.py", line 2, in <module>
    from mlflow.genai.judges import utils  # noqa: F401
  File "/home/airflow/.local/lib/python3.10/site-packages/mlflow/genai/judges/utils/__init__.py", line 15, in <module>
    from mlflow.genai.judges.adapters.litellm_adapter import (
  File "/home/airflow/.local/lib/python3.10/site-packages/mlflow/genai/judges/adapters/litellm_adapter.py", line 30, in <module>
    from mlflow.gateway.constants import MLFLOW_GATEWAY_CALLER_HEADER, GatewayCaller
  File "/home/airflow/.local/lib/python3.10/site-packages/mlflow/gateway/__init__.py", line 1, in <module>
    from mlflow.gateway.utils import get_gateway_uri, set_gateway_uri
  File "/home/airflow/.local/lib/python3.10/site-packages/mlflow/gateway/utils.py", line 10, in <module>
    from fastapi import HTTPException
  File "/home/airflow/.local/lib/python3.10/site-packages/fastapi/__init__.py", line 7, in <module>
    from .applications import FastAPI as FastAPI
  File "/home/airflow/.local/lib/python3.10/site-packages/fastapi/applications.py", line 7, in <module>
    from fastapi import routing
  File "/home/airflow/.local/lib/python3.10/site-packages/fastapi/routing.py", line 45, in <module>
    from fastapi import params
  File "/home/airflow/.local/lib/python3.10/site-packages/fastapi/params.py", line 8, in <module>
    from fastapi.openapi.models import Example
  File "/home/airflow/.local/lib/python3.10/site-packages/fastapi/openapi/models.py", line 61, in <module>
    class Contact(BaseModelWithConfig):
  File "/home/airflow/.local/lib/python3.10/site-packages/pydantic/_internal/_model_construction.py", line 253, in __new__
    complete_model_class(
  File "/home/airflow/.local/lib/python3.10/site-packages/pydantic/_internal/_model_construction.py", line 628, in complete_model_class
    schema = gen_schema.generate_schema(cls)
  File "/home/airflow/.local/lib/python3.10/site-packages/pydantic/_internal/_generate_schema.py", line 794, in generate_schema
    schema = self._generate_schema_inner(obj, origin)
  File "/home/airflow/.local/lib/python3.10/site-packages/pydantic/_internal/_generate_schema.py", line 1095, in _generate_schema_inner
    return self._model_schema(obj)
  File "/home/airflow/.local/lib/python3.10/site-packages/pydantic/_internal/_generate_schema.py", line 920, in _model_schema
    {k: self._generate_md_field_schema(k, v, decorators) for k, v in fields.items()},
  File "/home/airflow/.local/lib/python3.10/site-packages/pydantic/_internal/_generate_schema.py", line 920, in <dictcomp>
    {k: self._generate_md_field_schema(k, v, decorators) for k, v in fields.items()},
  File "/home/airflow/.local/lib/python3.10/site-packages/pydantic/_internal/_generate_schema.py", line 1227, in _generate_md_field_schema
    schema, metadata = self._common_field_schema(name, field_info, decorators)
  File "/home/airflow/.local/lib/python3.10/site-packages/pydantic/_internal/_generate_schema.py", line 1284, in _common_field_schema
    schema = self._apply_annotations(
  File "/home/airflow/.local/lib/python3.10/site-packages/pydantic/_internal/_generate_schema.py", line 2287, in _apply_annotations
    schema = get_inner_schema(source_type)
  File "/home/airflow/.local/lib/python3.10/site-packages/pydantic/_internal/_schema_generation_shared.py", line 84, in __call__
    schema = self._handler(source_type)
  File "/home/airflow/.local/lib/python3.10/site-packages/pydantic/_internal/_generate_schema.py", line 2265, in inner_handler
    schema = self._generate_schema_inner(obj, origin)
  File "/home/airflow/.local/lib/python3.10/site-packages/pydantic/_internal/_generate_schema.py", line 1073, in _generate_schema_inner
    return self._union_schema(obj)
  File "/home/airflow/.local/lib/python3.10/site-packages/pydantic/_internal/_generate_schema.py", line 1334, in _union_schema
    choices.append(self.generate_schema(arg))
  File "/home/airflow/.local/lib/python3.10/site-packages/pydantic/_internal/_generate_schema.py", line 791, in generate_schema
    schema = self._generate_schema_from_get_schema_method(obj, obj)
  File "/home/airflow/.local/lib/python3.10/site-packages/pydantic/_internal/_generate_schema.py", line 980, in _generate_schema_from_get_schema_method
    schema = get_schema(
  File "/home/airflow/.local/lib/python3.10/site-packages/pydantic/networks.py", line 1080, in __get_pydantic_core_schema__
    import_email_validator()
  File "/home/airflow/.local/lib/python3.10/site-packages/pydantic/networks.py", line 1044, in import_email_validator
    raise ImportError('email-validator version >= 2.0 required, run pip install -U email-validator')
ImportError: email-validator version >= 2.0 required, run pip install -U email-validator
[2026-10-10T15:22:15.421+0000] {processor.py:842} WARNING - No viable dags retrieved from /opt/airflow/dags/diabetes_training_dag.py
[2026-10-10T15:22:15.454+0000] {processor.py:183} INFO - Processing /opt/airflow/dags/diabetes_training_dag.py took 1.958 seconds
[2026-10-10T15:22:45.718+0000] {processor.py:161} INFO - Started process (PID=115) to work on /opt/airflow/dags/diabetes_training_dag.py
[2026-10-10T15:22:45.723+0000] {processor.py:830} INFO - Processing file /opt/airflow/dags/diabetes_training_dag.py for tasks to queue
[2026-10-10T15:22:45.726+0000] {logging_mixin.py:188} INFO - [2026-10-10T15:22:45.725+0000] {dagbag.py:538} INFO - Filling up the DagBag from /opt/airflow/dags/diabetes_training_dag.py
[2026-10-10T15:22:47.737+0000] {logging_mixin.py:188} INFO - [2026-10-10T15:22:47.732+0000] {dagbag.py:348} ERROR - Failed to import: /opt/airflow/dags/diabetes_training_dag.py
Traceback (most recent call last):
  File "/home/airflow/.local/lib/python3.10/site-packages/airflow/models/dagbag.py", line 344, in parse
    loader.exec_module(new_module)
  File "<frozen importlib._bootstrap_external>", line 883, in exec_module
  File "<frozen importlib._bootstrap>", line 241, in _call_with_frames_removed
  File "/opt/airflow/dags/diabetes_training_dag.py", line 10, in <module>
    from src.clustering.cluster_analysis import cluster
  File "/opt/airflow/src/clustering/cluster_analysis.py", line 3, in <module>
    from src.clustering.kmeans import train_kmeans
  File "/opt/airflow/src/clustering/kmeans.py", line 2, in <module>
    import mlflow
  File "/home/airflow/.local/lib/python3.10/site-packages/mlflow/__init__.py", line 44, in <module>
    from mlflow import (
  File "/home/airflow/.local/lib/python3.10/site-packages/mlflow/genai/__init__.py", line 1, in <module>
    from mlflow.genai import (
  File "/home/airflow/.local/lib/python3.10/site-packages/mlflow/genai/judges/__init__.py", line 2, in <module>
    from mlflow.genai.judges import utils  # noqa: F401
  File "/home/airflow/.local/lib/python3.10/site-packages/mlflow/genai/judges/utils/__init__.py", line 15, in <module>
    from mlflow.genai.judges.adapters.litellm_adapter import (
  File "/home/airflow/.local/lib/python3.10/site-packages/mlflow/genai/judges/adapters/litellm_adapter.py", line 30, in <module>
    from mlflow.gateway.constants import MLFLOW_GATEWAY_CALLER_HEADER, GatewayCaller
  File "/home/airflow/.local/lib/python3.10/site-packages/mlflow/gateway/__init__.py", line 1, in <module>
    from mlflow.gateway.utils import get_gateway_uri, set_gateway_uri
  File "/home/airflow/.local/lib/python3.10/site-packages/mlflow/gateway/utils.py", line 10, in <module>
    from fastapi import HTTPException
  File "/home/airflow/.local/lib/python3.10/site-packages/fastapi/__init__.py", line 7, in <module>
    from .applications import FastAPI as FastAPI
  File "/home/airflow/.local/lib/python3.10/site-packages/fastapi/applications.py", line 7, in <module>
    from fastapi import routing
  File "/home/airflow/.local/lib/python3.10/site-packages/fastapi/routing.py", line 45, in <module>
    from fastapi import params
  File "/home/airflow/.local/lib/python3.10/site-packages/fastapi/params.py", line 8, in <module>
    from fastapi.openapi.models import Example
  File "/home/airflow/.local/lib/python3.10/site-packages/fastapi/openapi/models.py", line 61, in <module>
    class Contact(BaseModelWithConfig):
  File "/home/airflow/.local/lib/python3.10/site-packages/pydantic/_internal/_model_construction.py", line 253, in __new__
    complete_model_class(
  File "/home/airflow/.local/lib/python3.10/site-packages/pydantic/_internal/_model_construction.py", line 628, in complete_model_class
    schema = gen_schema.generate_schema(cls)
  File "/home/airflow/.local/lib/python3.10/site-packages/pydantic/_internal/_generate_schema.py", line 794, in generate_schema
    schema = self._generate_schema_inner(obj, origin)
  File "/home/airflow/.local/lib/python3.10/site-packages/pydantic/_internal/_generate_schema.py", line 1095, in _generate_schema_inner
    return self._model_schema(obj)
  File "/home/airflow/.local/lib/python3.10/site-packages/pydantic/_internal/_generate_schema.py", line 920, in _model_schema
    {k: self._generate_md_field_schema(k, v, decorators) for k, v in fields.items()},
  File "/home/airflow/.local/lib/python3.10/site-packages/pydantic/_internal/_generate_schema.py", line 920, in <dictcomp>
    {k: self._generate_md_field_schema(k, v, decorators) for k, v in fields.items()},
  File "/home/airflow/.local/lib/python3.10/site-packages/pydantic/_internal/_generate_schema.py", line 1227, in _generate_md_field_schema
    schema, metadata = self._common_field_schema(name, field_info, decorators)
  File "/home/airflow/.local/lib/python3.10/site-packages/pydantic/_internal/_generate_schema.py", line 1284, in _common_field_schema
    schema = self._apply_annotations(
  File "/home/airflow/.local/lib/python3.10/site-packages/pydantic/_internal/_generate_schema.py", line 2287, in _apply_annotations
    schema = get_inner_schema(source_type)
  File "/home/airflow/.local/lib/python3.10/site-packages/pydantic/_internal/_schema_generation_shared.py", line 84, in __call__
    schema = self._handler(source_type)
  File "/home/airflow/.local/lib/python3.10/site-packages/pydantic/_internal/_generate_schema.py", line 2265, in inner_handler
    schema = self._generate_schema_inner(obj, origin)
  File "/home/airflow/.local/lib/python3.10/site-packages/pydantic/_internal/_generate_schema.py", line 1073, in _generate_schema_inner
    return self._union_schema(obj)
  File "/home/airflow/.local/lib/python3.10/site-packages/pydantic/_internal/_generate_schema.py", line 1334, in _union_schema
    choices.append(self.generate_schema(arg))
  File "/home/airflow/.local/lib/python3.10/site-packages/pydantic/_internal/_generate_schema.py", line 791, in generate_schema
    schema = self._generate_schema_from_get_schema_method(obj, obj)
  File "/home/airflow/.local/lib/python3.10/site-packages/pydantic/_internal/_generate_schema.py", line 980, in _generate_schema_from_get_schema_method
    schema = get_schema(
  File "/home/airflow/.local/lib/python3.10/site-packages/pydantic/networks.py", line 1080, in __get_pydantic_core_schema__
    import_email_validator()
  File "/home/airflow/.local/lib/python3.10/site-packages/pydantic/networks.py", line 1044, in import_email_validator
    raise ImportError('email-validator version >= 2.0 required, run pip install -U email-validator')
ImportError: email-validator version >= 2.0 required, run pip install -U email-validator
[2026-10-10T15:22:47.738+0000] {processor.py:842} WARNING - No viable dags retrieved from /opt/airflow/dags/diabetes_training_dag.py
[2026-10-10T15:22:47.769+0000] {processor.py:183} INFO - Processing /opt/airflow/dags/diabetes_training_dag.py took 2.058 seconds
[2026-10-10T15:23:17.947+0000] {processor.py:161} INFO - Started process (PID=129) to work on /opt/airflow/dags/diabetes_training_dag.py
[2026-10-10T15:23:17.951+0000] {processor.py:830} INFO - Processing file /opt/airflow/dags/diabetes_training_dag.py for tasks to queue
[2026-10-10T15:23:17.952+0000] {logging_mixin.py:188} INFO - [2026-10-10T15:23:17.952+0000] {dagbag.py:538} INFO - Filling up the DagBag from /opt/airflow/dags/diabetes_training_dag.py
[2026-10-10T15:23:19.905+0000] {logging_mixin.py:188} INFO - [2026-10-10T15:23:19.900+0000] {dagbag.py:348} ERROR - Failed to import: /opt/airflow/dags/diabetes_training_dag.py
Traceback (most recent call last):
  File "/home/airflow/.local/lib/python3.10/site-packages/airflow/models/dagbag.py", line 344, in parse
    loader.exec_module(new_module)
  File "<frozen importlib._bootstrap_external>", line 883, in exec_module
  File "<frozen importlib._bootstrap>", line 241, in _call_with_frames_removed
  File "/opt/airflow/dags/diabetes_training_dag.py", line 10, in <module>
    from src.clustering.cluster_analysis import cluster
  File "/opt/airflow/src/clustering/cluster_analysis.py", line 3, in <module>
    from src.clustering.kmeans import train_kmeans
  File "/opt/airflow/src/clustering/kmeans.py", line 2, in <module>
    import mlflow
  File "/home/airflow/.local/lib/python3.10/site-packages/mlflow/__init__.py", line 44, in <module>
    from mlflow import (
  File "/home/airflow/.local/lib/python3.10/site-packages/mlflow/genai/__init__.py", line 1, in <module>
    from mlflow.genai import (
  File "/home/airflow/.local/lib/python3.10/site-packages/mlflow/genai/judges/__init__.py", line 2, in <module>
    from mlflow.genai.judges import utils  # noqa: F401
  File "/home/airflow/.local/lib/python3.10/site-packages/mlflow/genai/judges/utils/__init__.py", line 15, in <module>
    from mlflow.genai.judges.adapters.litellm_adapter import (
  File "/home/airflow/.local/lib/python3.10/site-packages/mlflow/genai/judges/adapters/litellm_adapter.py", line 30, in <module>
    from mlflow.gateway.constants import MLFLOW_GATEWAY_CALLER_HEADER, GatewayCaller
  File "/home/airflow/.local/lib/python3.10/site-packages/mlflow/gateway/__init__.py", line 1, in <module>
    from mlflow.gateway.utils import get_gateway_uri, set_gateway_uri
  File "/home/airflow/.local/lib/python3.10/site-packages/mlflow/gateway/utils.py", line 10, in <module>
    from fastapi import HTTPException
  File "/home/airflow/.local/lib/python3.10/site-packages/fastapi/__init__.py", line 7, in <module>
    from .applications import FastAPI as FastAPI
  File "/home/airflow/.local/lib/python3.10/site-packages/fastapi/applications.py", line 7, in <module>
    from fastapi import routing
  File "/home/airflow/.local/lib/python3.10/site-packages/fastapi/routing.py", line 45, in <module>
    from fastapi import params
  File "/home/airflow/.local/lib/python3.10/site-packages/fastapi/params.py", line 8, in <module>
    from fastapi.openapi.models import Example
  File "/home/airflow/.local/lib/python3.10/site-packages/fastapi/openapi/models.py", line 61, in <module>
    class Contact(BaseModelWithConfig):
  File "/home/airflow/.local/lib/python3.10/site-packages/pydantic/_internal/_model_construction.py", line 253, in __new__
    complete_model_class(
  File "/home/airflow/.local/lib/python3.10/site-packages/pydantic/_internal/_model_construction.py", line 628, in complete_model_class
    schema = gen_schema.generate_schema(cls)
  File "/home/airflow/.local/lib/python3.10/site-packages/pydantic/_internal/_generate_schema.py", line 794, in generate_schema
    schema = self._generate_schema_inner(obj, origin)
  File "/home/airflow/.local/lib/python3.10/site-packages/pydantic/_internal/_generate_schema.py", line 1095, in _generate_schema_inner
    return self._model_schema(obj)
  File "/home/airflow/.local/lib/python3.10/site-packages/pydantic/_internal/_generate_schema.py", line 920, in _model_schema
    {k: self._generate_md_field_schema(k, v, decorators) for k, v in fields.items()},
  File "/home/airflow/.local/lib/python3.10/site-packages/pydantic/_internal/_generate_schema.py", line 920, in <dictcomp>
    {k: self._generate_md_field_schema(k, v, decorators) for k, v in fields.items()},
  File "/home/airflow/.local/lib/python3.10/site-packages/pydantic/_internal/_generate_schema.py", line 1227, in _generate_md_field_schema
    schema, metadata = self._common_field_schema(name, field_info, decorators)
  File "/home/airflow/.local/lib/python3.10/site-packages/pydantic/_internal/_generate_schema.py", line 1284, in _common_field_schema
    schema = self._apply_annotations(
  File "/home/airflow/.local/lib/python3.10/site-packages/pydantic/_internal/_generate_schema.py", line 2287, in _apply_annotations
    schema = get_inner_schema(source_type)
  File "/home/airflow/.local/lib/python3.10/site-packages/pydantic/_internal/_schema_generation_shared.py", line 84, in __call__
    schema = self._handler(source_type)
  File "/home/airflow/.local/lib/python3.10/site-packages/pydantic/_internal/_generate_schema.py", line 2265, in inner_handler
    schema = self._generate_schema_inner(obj, origin)
  File "/home/airflow/.local/lib/python3.10/site-packages/pydantic/_internal/_generate_schema.py", line 1073, in _generate_schema_inner
    return self._union_schema(obj)
  File "/home/airflow/.local/lib/python3.10/site-packages/pydantic/_internal/_generate_schema.py", line 1334, in _union_schema
    choices.append(self.generate_schema(arg))
  File "/home/airflow/.local/lib/python3.10/site-packages/pydantic/_internal/_generate_schema.py", line 791, in generate_schema
    schema = self._generate_schema_from_get_schema_method(obj, obj)
  File "/home/airflow/.local/lib/python3.10/site-packages/pydantic/_internal/_generate_schema.py", line 980, in _generate_schema_from_get_schema_method
    schema = get_schema(
  File "/home/airflow/.local/lib/python3.10/site-packages/pydantic/networks.py", line 1080, in __get_pydantic_core_schema__
    import_email_validator()
  File "/home/airflow/.local/lib/python3.10/site-packages/pydantic/networks.py", line 1044, in import_email_validator
    raise ImportError('email-validator version >= 2.0 required, run pip install -U email-validator')
ImportError: email-validator version >= 2.0 required, run pip install -U email-validator
[2026-10-10T15:23:19.906+0000] {processor.py:842} WARNING - No viable dags retrieved from /opt/airflow/dags/diabetes_training_dag.py
[2026-10-10T15:23:19.941+0000] {processor.py:183} INFO - Processing /opt/airflow/dags/diabetes_training_dag.py took 1.999 seconds
[2026-10-10T15:23:50.174+0000] {processor.py:161} INFO - Started process (PID=143) to work on /opt/airflow/dags/diabetes_training_dag.py
[2026-10-10T15:23:50.178+0000] {processor.py:830} INFO - Processing file /opt/airflow/dags/diabetes_training_dag.py for tasks to queue
[2026-10-10T15:23:50.180+0000] {logging_mixin.py:188} INFO - [2026-10-10T15:23:50.179+0000] {dagbag.py:538} INFO - Filling up the DagBag from /opt/airflow/dags/diabetes_training_dag.py
[2026-10-10T15:23:52.166+0000] {logging_mixin.py:188} INFO - [2026-10-10T15:23:52.160+0000] {dagbag.py:348} ERROR - Failed to import: /opt/airflow/dags/diabetes_training_dag.py
Traceback (most recent call last):
  File "/home/airflow/.local/lib/python3.10/site-packages/airflow/models/dagbag.py", line 344, in parse
    loader.exec_module(new_module)
  File "<frozen importlib._bootstrap_external>", line 883, in exec_module
  File "<frozen importlib._bootstrap>", line 241, in _call_with_frames_removed
  File "/opt/airflow/dags/diabetes_training_dag.py", line 10, in <module>
    from src.clustering.cluster_analysis import cluster
  File "/opt/airflow/src/clustering/cluster_analysis.py", line 3, in <module>
    from src.clustering.kmeans import train_kmeans
  File "/opt/airflow/src/clustering/kmeans.py", line 2, in <module>
    import mlflow
  File "/home/airflow/.local/lib/python3.10/site-packages/mlflow/__init__.py", line 44, in <module>
    from mlflow import (
  File "/home/airflow/.local/lib/python3.10/site-packages/mlflow/genai/__init__.py", line 1, in <module>
    from mlflow.genai import (
  File "/home/airflow/.local/lib/python3.10/site-packages/mlflow/genai/judges/__init__.py", line 2, in <module>
    from mlflow.genai.judges import utils  # noqa: F401
  File "/home/airflow/.local/lib/python3.10/site-packages/mlflow/genai/judges/utils/__init__.py", line 15, in <module>
    from mlflow.genai.judges.adapters.litellm_adapter import (
  File "/home/airflow/.local/lib/python3.10/site-packages/mlflow/genai/judges/adapters/litellm_adapter.py", line 30, in <module>
    from mlflow.gateway.constants import MLFLOW_GATEWAY_CALLER_HEADER, GatewayCaller
  File "/home/airflow/.local/lib/python3.10/site-packages/mlflow/gateway/__init__.py", line 1, in <module>
    from mlflow.gateway.utils import get_gateway_uri, set_gateway_uri
  File "/home/airflow/.local/lib/python3.10/site-packages/mlflow/gateway/utils.py", line 10, in <module>
    from fastapi import HTTPException
  File "/home/airflow/.local/lib/python3.10/site-packages/fastapi/__init__.py", line 7, in <module>
    from .applications import FastAPI as FastAPI
  File "/home/airflow/.local/lib/python3.10/site-packages/fastapi/applications.py", line 7, in <module>
    from fastapi import routing
  File "/home/airflow/.local/lib/python3.10/site-packages/fastapi/routing.py", line 45, in <module>
    from fastapi import params
  File "/home/airflow/.local/lib/python3.10/site-packages/fastapi/params.py", line 8, in <module>
    from fastapi.openapi.models import Example
  File "/home/airflow/.local/lib/python3.10/site-packages/fastapi/openapi/models.py", line 61, in <module>
    class Contact(BaseModelWithConfig):
  File "/home/airflow/.local/lib/python3.10/site-packages/pydantic/_internal/_model_construction.py", line 253, in __new__
    complete_model_class(
  File "/home/airflow/.local/lib/python3.10/site-packages/pydantic/_internal/_model_construction.py", line 628, in complete_model_class
    schema = gen_schema.generate_schema(cls)
  File "/home/airflow/.local/lib/python3.10/site-packages/pydantic/_internal/_generate_schema.py", line 794, in generate_schema
    schema = self._generate_schema_inner(obj, origin)
  File "/home/airflow/.local/lib/python3.10/site-packages/pydantic/_internal/_generate_schema.py", line 1095, in _generate_schema_inner
    return self._model_schema(obj)
  File "/home/airflow/.local/lib/python3.10/site-packages/pydantic/_internal/_generate_schema.py", line 920, in _model_schema
    {k: self._generate_md_field_schema(k, v, decorators) for k, v in fields.items()},
  File "/home/airflow/.local/lib/python3.10/site-packages/pydantic/_internal/_generate_schema.py", line 920, in <dictcomp>
    {k: self._generate_md_field_schema(k, v, decorators) for k, v in fields.items()},
  File "/home/airflow/.local/lib/python3.10/site-packages/pydantic/_internal/_generate_schema.py", line 1227, in _generate_md_field_schema
    schema, metadata = self._common_field_schema(name, field_info, decorators)
  File "/home/airflow/.local/lib/python3.10/site-packages/pydantic/_internal/_generate_schema.py", line 1284, in _common_field_schema
    schema = self._apply_annotations(
  File "/home/airflow/.local/lib/python3.10/site-packages/pydantic/_internal/_generate_schema.py", line 2287, in _apply_annotations
    schema = get_inner_schema(source_type)
  File "/home/airflow/.local/lib/python3.10/site-packages/pydantic/_internal/_schema_generation_shared.py", line 84, in __call__
    schema = self._handler(source_type)
  File "/home/airflow/.local/lib/python3.10/site-packages/pydantic/_internal/_generate_schema.py", line 2265, in inner_handler
    schema = self._generate_schema_inner(obj, origin)
  File "/home/airflow/.local/lib/python3.10/site-packages/pydantic/_internal/_generate_schema.py", line 1073, in _generate_schema_inner
    return self._union_schema(obj)
  File "/home/airflow/.local/lib/python3.10/site-packages/pydantic/_internal/_generate_schema.py", line 1334, in _union_schema
    choices.append(self.generate_schema(arg))
  File "/home/airflow/.local/lib/python3.10/site-packages/pydantic/_internal/_generate_schema.py", line 791, in generate_schema
    schema = self._generate_schema_from_get_schema_method(obj, obj)
  File "/home/airflow/.local/lib/python3.10/site-packages/pydantic/_internal/_generate_schema.py", line 980, in _generate_schema_from_get_schema_method
    schema = get_schema(
  File "/home/airflow/.local/lib/python3.10/site-packages/pydantic/networks.py", line 1080, in __get_pydantic_core_schema__
    import_email_validator()
  File "/home/airflow/.local/lib/python3.10/site-packages/pydantic/networks.py", line 1044, in import_email_validator
    raise ImportError('email-validator version >= 2.0 required, run pip install -U email-validator')
ImportError: email-validator version >= 2.0 required, run pip install -U email-validator
[2026-10-10T15:23:52.167+0000] {processor.py:842} WARNING - No viable dags retrieved from /opt/airflow/dags/diabetes_training_dag.py
[2026-10-10T15:23:52.201+0000] {processor.py:183} INFO - Processing /opt/airflow/dags/diabetes_training_dag.py took 2.032 seconds
[2026-10-10T15:24:22.396+0000] {processor.py:161} INFO - Started process (PID=157) to work on /opt/airflow/dags/diabetes_training_dag.py
[2026-10-10T15:24:22.397+0000] {processor.py:830} INFO - Processing file /opt/airflow/dags/diabetes_training_dag.py for tasks to queue
[2026-10-10T15:24:22.398+0000] {logging_mixin.py:188} INFO - [2026-10-10T15:24:22.398+0000] {dagbag.py:538} INFO - Filling up the DagBag from /opt/airflow/dags/diabetes_training_dag.py
[2026-10-10T15:24:24.277+0000] {logging_mixin.py:188} INFO - [2026-10-10T15:24:24.272+0000] {dagbag.py:348} ERROR - Failed to import: /opt/airflow/dags/diabetes_training_dag.py
Traceback (most recent call last):
  File "/home/airflow/.local/lib/python3.10/site-packages/airflow/models/dagbag.py", line 344, in parse
    loader.exec_module(new_module)
  File "<frozen importlib._bootstrap_external>", line 883, in exec_module
  File "<frozen importlib._bootstrap>", line 241, in _call_with_frames_removed
  File "/opt/airflow/dags/diabetes_training_dag.py", line 10, in <module>
    from src.clustering.cluster_analysis import cluster
  File "/opt/airflow/src/clustering/cluster_analysis.py", line 3, in <module>
    from src.clustering.kmeans import train_kmeans
  File "/opt/airflow/src/clustering/kmeans.py", line 2, in <module>
    import mlflow
  File "/home/airflow/.local/lib/python3.10/site-packages/mlflow/__init__.py", line 44, in <module>
    from mlflow import (
  File "/home/airflow/.local/lib/python3.10/site-packages/mlflow/genai/__init__.py", line 1, in <module>
    from mlflow.genai import (
  File "/home/airflow/.local/lib/python3.10/site-packages/mlflow/genai/judges/__init__.py", line 2, in <module>
    from mlflow.genai.judges import utils  # noqa: F401
  File "/home/airflow/.local/lib/python3.10/site-packages/mlflow/genai/judges/utils/__init__.py", line 15, in <module>
    from mlflow.genai.judges.adapters.litellm_adapter import (
  File "/home/airflow/.local/lib/python3.10/site-packages/mlflow/genai/judges/adapters/litellm_adapter.py", line 30, in <module>
    from mlflow.gateway.constants import MLFLOW_GATEWAY_CALLER_HEADER, GatewayCaller
  File "/home/airflow/.local/lib/python3.10/site-packages/mlflow/gateway/__init__.py", line 1, in <module>
    from mlflow.gateway.utils import get_gateway_uri, set_gateway_uri
  File "/home/airflow/.local/lib/python3.10/site-packages/mlflow/gateway/utils.py", line 10, in <module>
    from fastapi import HTTPException
  File "/home/airflow/.local/lib/python3.10/site-packages/fastapi/__init__.py", line 7, in <module>
    from .applications import FastAPI as FastAPI
  File "/home/airflow/.local/lib/python3.10/site-packages/fastapi/applications.py", line 7, in <module>
    from fastapi import routing
  File "/home/airflow/.local/lib/python3.10/site-packages/fastapi/routing.py", line 45, in <module>
    from fastapi import params
  File "/home/airflow/.local/lib/python3.10/site-packages/fastapi/params.py", line 8, in <module>
    from fastapi.openapi.models import Example
  File "/home/airflow/.local/lib/python3.10/site-packages/fastapi/openapi/models.py", line 61, in <module>
    class Contact(BaseModelWithConfig):
  File "/home/airflow/.local/lib/python3.10/site-packages/pydantic/_internal/_model_construction.py", line 253, in __new__
    complete_model_class(
  File "/home/airflow/.local/lib/python3.10/site-packages/pydantic/_internal/_model_construction.py", line 628, in complete_model_class
    schema = gen_schema.generate_schema(cls)
  File "/home/airflow/.local/lib/python3.10/site-packages/pydantic/_internal/_generate_schema.py", line 794, in generate_schema
    schema = self._generate_schema_inner(obj, origin)
  File "/home/airflow/.local/lib/python3.10/site-packages/pydantic/_internal/_generate_schema.py", line 1095, in _generate_schema_inner
    return self._model_schema(obj)
  File "/home/airflow/.local/lib/python3.10/site-packages/pydantic/_internal/_generate_schema.py", line 920, in _model_schema
    {k: self._generate_md_field_schema(k, v, decorators) for k, v in fields.items()},
  File "/home/airflow/.local/lib/python3.10/site-packages/pydantic/_internal/_generate_schema.py", line 920, in <dictcomp>
    {k: self._generate_md_field_schema(k, v, decorators) for k, v in fields.items()},
  File "/home/airflow/.local/lib/python3.10/site-packages/pydantic/_internal/_generate_schema.py", line 1227, in _generate_md_field_schema
    schema, metadata = self._common_field_schema(name, field_info, decorators)
  File "/home/airflow/.local/lib/python3.10/site-packages/pydantic/_internal/_generate_schema.py", line 1284, in _common_field_schema
    schema = self._apply_annotations(
  File "/home/airflow/.local/lib/python3.10/site-packages/pydantic/_internal/_generate_schema.py", line 2287, in _apply_annotations
    schema = get_inner_schema(source_type)
  File "/home/airflow/.local/lib/python3.10/site-packages/pydantic/_internal/_schema_generation_shared.py", line 84, in __call__
    schema = self._handler(source_type)
  File "/home/airflow/.local/lib/python3.10/site-packages/pydantic/_internal/_generate_schema.py", line 2265, in inner_handler
    schema = self._generate_schema_inner(obj, origin)
  File "/home/airflow/.local/lib/python3.10/site-packages/pydantic/_internal/_generate_schema.py", line 1073, in _generate_schema_inner
    return self._union_schema(obj)
  File "/home/airflow/.local/lib/python3.10/site-packages/pydantic/_internal/_generate_schema.py", line 1334, in _union_schema
    choices.append(self.generate_schema(arg))
  File "/home/airflow/.local/lib/python3.10/site-packages/pydantic/_internal/_generate_schema.py", line 791, in generate_schema
    schema = self._generate_schema_from_get_schema_method(obj, obj)
  File "/home/airflow/.local/lib/python3.10/site-packages/pydantic/_internal/_generate_schema.py", line 980, in _generate_schema_from_get_schema_method
    schema = get_schema(
  File "/home/airflow/.local/lib/python3.10/site-packages/pydantic/networks.py", line 1080, in __get_pydantic_core_schema__
    import_email_validator()
  File "/home/airflow/.local/lib/python3.10/site-packages/pydantic/networks.py", line 1044, in import_email_validator
    raise ImportError('email-validator version >= 2.0 required, run pip install -U email-validator')
ImportError: email-validator version >= 2.0 required, run pip install -U email-validator
[2026-10-10T15:24:24.278+0000] {processor.py:842} WARNING - No viable dags retrieved from /opt/airflow/dags/diabetes_training_dag.py
[2026-10-10T15:24:24.411+0000] {processor.py:183} INFO - Processing /opt/airflow/dags/diabetes_training_dag.py took 2.020 seconds
[2026-10-10T15:24:54.659+0000] {processor.py:161} INFO - Started process (PID=171) to work on /opt/airflow/dags/diabetes_training_dag.py
[2026-10-10T15:24:54.662+0000] {processor.py:830} INFO - Processing file /opt/airflow/dags/diabetes_training_dag.py for tasks to queue
[2026-10-10T15:24:54.663+0000] {logging_mixin.py:188} INFO - [2026-10-10T15:24:54.663+0000] {dagbag.py:538} INFO - Filling up the DagBag from /opt/airflow/dags/diabetes_training_dag.py
[2026-10-10T15:24:56.552+0000] {logging_mixin.py:188} INFO - [2026-10-10T15:24:56.547+0000] {dagbag.py:348} ERROR - Failed to import: /opt/airflow/dags/diabetes_training_dag.py
Traceback (most recent call last):
  File "/home/airflow/.local/lib/python3.10/site-packages/airflow/models/dagbag.py", line 344, in parse
    loader.exec_module(new_module)
  File "<frozen importlib._bootstrap_external>", line 883, in exec_module
  File "<frozen importlib._bootstrap>", line 241, in _call_with_frames_removed
  File "/opt/airflow/dags/diabetes_training_dag.py", line 10, in <module>
    from src.clustering.cluster_analysis import cluster
  File "/opt/airflow/src/clustering/cluster_analysis.py", line 3, in <module>
    from src.clustering.kmeans import train_kmeans
  File "/opt/airflow/src/clustering/kmeans.py", line 2, in <module>
    import mlflow
  File "/home/airflow/.local/lib/python3.10/site-packages/mlflow/__init__.py", line 44, in <module>
    from mlflow import (
  File "/home/airflow/.local/lib/python3.10/site-packages/mlflow/genai/__init__.py", line 1, in <module>
    from mlflow.genai import (
  File "/home/airflow/.local/lib/python3.10/site-packages/mlflow/genai/judges/__init__.py", line 2, in <module>
    from mlflow.genai.judges import utils  # noqa: F401
  File "/home/airflow/.local/lib/python3.10/site-packages/mlflow/genai/judges/utils/__init__.py", line 15, in <module>
    from mlflow.genai.judges.adapters.litellm_adapter import (
  File "/home/airflow/.local/lib/python3.10/site-packages/mlflow/genai/judges/adapters/litellm_adapter.py", line 30, in <module>
    from mlflow.gateway.constants import MLFLOW_GATEWAY_CALLER_HEADER, GatewayCaller
  File "/home/airflow/.local/lib/python3.10/site-packages/mlflow/gateway/__init__.py", line 1, in <module>
    from mlflow.gateway.utils import get_gateway_uri, set_gateway_uri
  File "/home/airflow/.local/lib/python3.10/site-packages/mlflow/gateway/utils.py", line 10, in <module>
    from fastapi import HTTPException
  File "/home/airflow/.local/lib/python3.10/site-packages/fastapi/__init__.py", line 7, in <module>
    from .applications import FastAPI as FastAPI
  File "/home/airflow/.local/lib/python3.10/site-packages/fastapi/applications.py", line 7, in <module>
    from fastapi import routing
  File "/home/airflow/.local/lib/python3.10/site-packages/fastapi/routing.py", line 45, in <module>
    from fastapi import params
  File "/home/airflow/.local/lib/python3.10/site-packages/fastapi/params.py", line 8, in <module>
    from fastapi.openapi.models import Example
  File "/home/airflow/.local/lib/python3.10/site-packages/fastapi/openapi/models.py", line 61, in <module>
    class Contact(BaseModelWithConfig):
  File "/home/airflow/.local/lib/python3.10/site-packages/pydantic/_internal/_model_construction.py", line 253, in __new__
    complete_model_class(
  File "/home/airflow/.local/lib/python3.10/site-packages/pydantic/_internal/_model_construction.py", line 628, in complete_model_class
    schema = gen_schema.generate_schema(cls)
  File "/home/airflow/.local/lib/python3.10/site-packages/pydantic/_internal/_generate_schema.py", line 794, in generate_schema
    schema = self._generate_schema_inner(obj, origin)
  File "/home/airflow/.local/lib/python3.10/site-packages/pydantic/_internal/_generate_schema.py", line 1095, in _generate_schema_inner
    return self._model_schema(obj)
  File "/home/airflow/.local/lib/python3.10/site-packages/pydantic/_internal/_generate_schema.py", line 920, in _model_schema
    {k: self._generate_md_field_schema(k, v, decorators) for k, v in fields.items()},
  File "/home/airflow/.local/lib/python3.10/site-packages/pydantic/_internal/_generate_schema.py", line 920, in <dictcomp>
    {k: self._generate_md_field_schema(k, v, decorators) for k, v in fields.items()},
  File "/home/airflow/.local/lib/python3.10/site-packages/pydantic/_internal/_generate_schema.py", line 1227, in _generate_md_field_schema
    schema, metadata = self._common_field_schema(name, field_info, decorators)
  File "/home/airflow/.local/lib/python3.10/site-packages/pydantic/_internal/_generate_schema.py", line 1284, in _common_field_schema
    schema = self._apply_annotations(
  File "/home/airflow/.local/lib/python3.10/site-packages/pydantic/_internal/_generate_schema.py", line 2287, in _apply_annotations
    schema = get_inner_schema(source_type)
  File "/home/airflow/.local/lib/python3.10/site-packages/pydantic/_internal/_schema_generation_shared.py", line 84, in __call__
    schema = self._handler(source_type)
  File "/home/airflow/.local/lib/python3.10/site-packages/pydantic/_internal/_generate_schema.py", line 2265, in inner_handler
    schema = self._generate_schema_inner(obj, origin)
  File "/home/airflow/.local/lib/python3.10/site-packages/pydantic/_internal/_generate_schema.py", line 1073, in _generate_schema_inner
    return self._union_schema(obj)
  File "/home/airflow/.local/lib/python3.10/site-packages/pydantic/_internal/_generate_schema.py", line 1334, in _union_schema
    choices.append(self.generate_schema(arg))
  File "/home/airflow/.local/lib/python3.10/site-packages/pydantic/_internal/_generate_schema.py", line 791, in generate_schema
    schema = self._generate_schema_from_get_schema_method(obj, obj)
  File "/home/airflow/.local/lib/python3.10/site-packages/pydantic/_internal/_generate_schema.py", line 980, in _generate_schema_from_get_schema_method
    schema = get_schema(
  File "/home/airflow/.local/lib/python3.10/site-packages/pydantic/networks.py", line 1080, in __get_pydantic_core_schema__
    import_email_validator()
  File "/home/airflow/.local/lib/python3.10/site-packages/pydantic/networks.py", line 1044, in import_email_validator
    raise ImportError('email-validator version >= 2.0 required, run pip install -U email-validator')
ImportError: email-validator version >= 2.0 required, run pip install -U email-validator
[2026-10-10T15:24:56.554+0000] {processor.py:842} WARNING - No viable dags retrieved from /opt/airflow/dags/diabetes_training_dag.py
[2026-10-10T15:24:56.578+0000] {processor.py:183} INFO - Processing /opt/airflow/dags/diabetes_training_dag.py took 1.924 seconds
[2026-10-10T15:25:26.826+0000] {processor.py:161} INFO - Started process (PID=185) to work on /opt/airflow/dags/diabetes_training_dag.py
[2026-10-10T15:25:26.829+0000] {processor.py:830} INFO - Processing file /opt/airflow/dags/diabetes_training_dag.py for tasks to queue
[2026-10-10T15:25:26.830+0000] {logging_mixin.py:188} INFO - [2026-10-10T15:25:26.830+0000] {dagbag.py:538} INFO - Filling up the DagBag from /opt/airflow/dags/diabetes_training_dag.py
[2026-10-10T15:25:28.765+0000] {logging_mixin.py:188} INFO - [2026-10-10T15:25:28.760+0000] {dagbag.py:348} ERROR - Failed to import: /opt/airflow/dags/diabetes_training_dag.py
Traceback (most recent call last):
  File "/home/airflow/.local/lib/python3.10/site-packages/airflow/models/dagbag.py", line 344, in parse
    loader.exec_module(new_module)
  File "<frozen importlib._bootstrap_external>", line 883, in exec_module
  File "<frozen importlib._bootstrap>", line 241, in _call_with_frames_removed
  File "/opt/airflow/dags/diabetes_training_dag.py", line 10, in <module>
    from src.clustering.cluster_analysis import cluster
  File "/opt/airflow/src/clustering/cluster_analysis.py", line 3, in <module>
    from src.clustering.kmeans import train_kmeans
  File "/opt/airflow/src/clustering/kmeans.py", line 2, in <module>
    import mlflow
  File "/home/airflow/.local/lib/python3.10/site-packages/mlflow/__init__.py", line 44, in <module>
    from mlflow import (
  File "/home/airflow/.local/lib/python3.10/site-packages/mlflow/genai/__init__.py", line 1, in <module>
    from mlflow.genai import (
  File "/home/airflow/.local/lib/python3.10/site-packages/mlflow/genai/judges/__init__.py", line 2, in <module>
    from mlflow.genai.judges import utils  # noqa: F401
  File "/home/airflow/.local/lib/python3.10/site-packages/mlflow/genai/judges/utils/__init__.py", line 15, in <module>
    from mlflow.genai.judges.adapters.litellm_adapter import (
  File "/home/airflow/.local/lib/python3.10/site-packages/mlflow/genai/judges/adapters/litellm_adapter.py", line 30, in <module>
    from mlflow.gateway.constants import MLFLOW_GATEWAY_CALLER_HEADER, GatewayCaller
  File "/home/airflow/.local/lib/python3.10/site-packages/mlflow/gateway/__init__.py", line 1, in <module>
    from mlflow.gateway.utils import get_gateway_uri, set_gateway_uri
  File "/home/airflow/.local/lib/python3.10/site-packages/mlflow/gateway/utils.py", line 10, in <module>
    from fastapi import HTTPException
  File "/home/airflow/.local/lib/python3.10/site-packages/fastapi/__init__.py", line 7, in <module>
    from .applications import FastAPI as FastAPI
  File "/home/airflow/.local/lib/python3.10/site-packages/fastapi/applications.py", line 7, in <module>
    from fastapi import routing
  File "/home/airflow/.local/lib/python3.10/site-packages/fastapi/routing.py", line 45, in <module>
    from fastapi import params
  File "/home/airflow/.local/lib/python3.10/site-packages/fastapi/params.py", line 8, in <module>
    from fastapi.openapi.models import Example
  File "/home/airflow/.local/lib/python3.10/site-packages/fastapi/openapi/models.py", line 61, in <module>
    class Contact(BaseModelWithConfig):
  File "/home/airflow/.local/lib/python3.10/site-packages/pydantic/_internal/_model_construction.py", line 253, in __new__
    complete_model_class(
  File "/home/airflow/.local/lib/python3.10/site-packages/pydantic/_internal/_model_construction.py", line 628, in complete_model_class
    schema = gen_schema.generate_schema(cls)
  File "/home/airflow/.local/lib/python3.10/site-packages/pydantic/_internal/_generate_schema.py", line 794, in generate_schema
    schema = self._generate_schema_inner(obj, origin)
  File "/home/airflow/.local/lib/python3.10/site-packages/pydantic/_internal/_generate_schema.py", line 1095, in _generate_schema_inner
    return self._model_schema(obj)
  File "/home/airflow/.local/lib/python3.10/site-packages/pydantic/_internal/_generate_schema.py", line 920, in _model_schema
    {k: self._generate_md_field_schema(k, v, decorators) for k, v in fields.items()},
  File "/home/airflow/.local/lib/python3.10/site-packages/pydantic/_internal/_generate_schema.py", line 920, in <dictcomp>
    {k: self._generate_md_field_schema(k, v, decorators) for k, v in fields.items()},
  File "/home/airflow/.local/lib/python3.10/site-packages/pydantic/_internal/_generate_schema.py", line 1227, in _generate_md_field_schema
    schema, metadata = self._common_field_schema(name, field_info, decorators)
  File "/home/airflow/.local/lib/python3.10/site-packages/pydantic/_internal/_generate_schema.py", line 1284, in _common_field_schema
    schema = self._apply_annotations(
  File "/home/airflow/.local/lib/python3.10/site-packages/pydantic/_internal/_generate_schema.py", line 2287, in _apply_annotations
    schema = get_inner_schema(source_type)
  File "/home/airflow/.local/lib/python3.10/site-packages/pydantic/_internal/_schema_generation_shared.py", line 84, in __call__
    schema = self._handler(source_type)
  File "/home/airflow/.local/lib/python3.10/site-packages/pydantic/_internal/_generate_schema.py", line 2265, in inner_handler
    schema = self._generate_schema_inner(obj, origin)
  File "/home/airflow/.local/lib/python3.10/site-packages/pydantic/_internal/_generate_schema.py", line 1073, in _generate_schema_inner
    return self._union_schema(obj)
  File "/home/airflow/.local/lib/python3.10/site-packages/pydantic/_internal/_generate_schema.py", line 1334, in _union_schema
    choices.append(self.generate_schema(arg))
  File "/home/airflow/.local/lib/python3.10/site-packages/pydantic/_internal/_generate_schema.py", line 791, in generate_schema
    schema = self._generate_schema_from_get_schema_method(obj, obj)
  File "/home/airflow/.local/lib/python3.10/site-packages/pydantic/_internal/_generate_schema.py", line 980, in _generate_schema_from_get_schema_method
    schema = get_schema(
  File "/home/airflow/.local/lib/python3.10/site-packages/pydantic/networks.py", line 1080, in __get_pydantic_core_schema__
    import_email_validator()
  File "/home/airflow/.local/lib/python3.10/site-packages/pydantic/networks.py", line 1044, in import_email_validator
    raise ImportError('email-validator version >= 2.0 required, run pip install -U email-validator')
ImportError: email-validator version >= 2.0 required, run pip install -U email-validator
[2026-10-10T15:25:28.767+0000] {processor.py:842} WARNING - No viable dags retrieved from /opt/airflow/dags/diabetes_training_dag.py
[2026-10-10T15:25:28.801+0000] {processor.py:183} INFO - Processing /opt/airflow/dags/diabetes_training_dag.py took 1.980 seconds
[2026-10-10T15:25:59.046+0000] {processor.py:161} INFO - Started process (PID=199) to work on /opt/airflow/dags/diabetes_training_dag.py
[2026-10-10T15:25:59.047+0000] {processor.py:830} INFO - Processing file /opt/airflow/dags/diabetes_training_dag.py for tasks to queue
[2026-10-10T15:25:59.048+0000] {logging_mixin.py:188} INFO - [2026-10-10T15:25:59.048+0000] {dagbag.py:538} INFO - Filling up the DagBag from /opt/airflow/dags/diabetes_training_dag.py
[2026-10-10T15:26:00.913+0000] {logging_mixin.py:188} INFO - [2026-10-10T15:26:00.909+0000] {dagbag.py:348} ERROR - Failed to import: /opt/airflow/dags/diabetes_training_dag.py
Traceback (most recent call last):
  File "/home/airflow/.local/lib/python3.10/site-packages/airflow/models/dagbag.py", line 344, in parse
    loader.exec_module(new_module)
  File "<frozen importlib._bootstrap_external>", line 883, in exec_module
  File "<frozen importlib._bootstrap>", line 241, in _call_with_frames_removed
  File "/opt/airflow/dags/diabetes_training_dag.py", line 10, in <module>
    from src.clustering.cluster_analysis import cluster
  File "/opt/airflow/src/clustering/cluster_analysis.py", line 3, in <module>
    from src.clustering.kmeans import train_kmeans
  File "/opt/airflow/src/clustering/kmeans.py", line 2, in <module>
    import mlflow
  File "/home/airflow/.local/lib/python3.10/site-packages/mlflow/__init__.py", line 44, in <module>
    from mlflow import (
  File "/home/airflow/.local/lib/python3.10/site-packages/mlflow/genai/__init__.py", line 1, in <module>
    from mlflow.genai import (
  File "/home/airflow/.local/lib/python3.10/site-packages/mlflow/genai/judges/__init__.py", line 2, in <module>
    from mlflow.genai.judges import utils  # noqa: F401
  File "/home/airflow/.local/lib/python3.10/site-packages/mlflow/genai/judges/utils/__init__.py", line 15, in <module>
    from mlflow.genai.judges.adapters.litellm_adapter import (
  File "/home/airflow/.local/lib/python3.10/site-packages/mlflow/genai/judges/adapters/litellm_adapter.py", line 30, in <module>
    from mlflow.gateway.constants import MLFLOW_GATEWAY_CALLER_HEADER, GatewayCaller
  File "/home/airflow/.local/lib/python3.10/site-packages/mlflow/gateway/__init__.py", line 1, in <module>
    from mlflow.gateway.utils import get_gateway_uri, set_gateway_uri
  File "/home/airflow/.local/lib/python3.10/site-packages/mlflow/gateway/utils.py", line 10, in <module>
    from fastapi import HTTPException
  File "/home/airflow/.local/lib/python3.10/site-packages/fastapi/__init__.py", line 7, in <module>
    from .applications import FastAPI as FastAPI
  File "/home/airflow/.local/lib/python3.10/site-packages/fastapi/applications.py", line 7, in <module>
    from fastapi import routing
  File "/home/airflow/.local/lib/python3.10/site-packages/fastapi/routing.py", line 45, in <module>
    from fastapi import params
  File "/home/airflow/.local/lib/python3.10/site-packages/fastapi/params.py", line 8, in <module>
    from fastapi.openapi.models import Example
  File "/home/airflow/.local/lib/python3.10/site-packages/fastapi/openapi/models.py", line 61, in <module>
    class Contact(BaseModelWithConfig):
  File "/home/airflow/.local/lib/python3.10/site-packages/pydantic/_internal/_model_construction.py", line 253, in __new__
    complete_model_class(
  File "/home/airflow/.local/lib/python3.10/site-packages/pydantic/_internal/_model_construction.py", line 628, in complete_model_class
    schema = gen_schema.generate_schema(cls)
  File "/home/airflow/.local/lib/python3.10/site-packages/pydantic/_internal/_generate_schema.py", line 794, in generate_schema
    schema = self._generate_schema_inner(obj, origin)
  File "/home/airflow/.local/lib/python3.10/site-packages/pydantic/_internal/_generate_schema.py", line 1095, in _generate_schema_inner
    return self._model_schema(obj)
  File "/home/airflow/.local/lib/python3.10/site-packages/pydantic/_internal/_generate_schema.py", line 920, in _model_schema
    {k: self._generate_md_field_schema(k, v, decorators) for k, v in fields.items()},
  File "/home/airflow/.local/lib/python3.10/site-packages/pydantic/_internal/_generate_schema.py", line 920, in <dictcomp>
    {k: self._generate_md_field_schema(k, v, decorators) for k, v in fields.items()},
  File "/home/airflow/.local/lib/python3.10/site-packages/pydantic/_internal/_generate_schema.py", line 1227, in _generate_md_field_schema
    schema, metadata = self._common_field_schema(name, field_info, decorators)
  File "/home/airflow/.local/lib/python3.10/site-packages/pydantic/_internal/_generate_schema.py", line 1284, in _common_field_schema
    schema = self._apply_annotations(
  File "/home/airflow/.local/lib/python3.10/site-packages/pydantic/_internal/_generate_schema.py", line 2287, in _apply_annotations
    schema = get_inner_schema(source_type)
  File "/home/airflow/.local/lib/python3.10/site-packages/pydantic/_internal/_schema_generation_shared.py", line 84, in __call__
    schema = self._handler(source_type)
  File "/home/airflow/.local/lib/python3.10/site-packages/pydantic/_internal/_generate_schema.py", line 2265, in inner_handler
    schema = self._generate_schema_inner(obj, origin)
  File "/home/airflow/.local/lib/python3.10/site-packages/pydantic/_internal/_generate_schema.py", line 1073, in _generate_schema_inner
    return self._union_schema(obj)
  File "/home/airflow/.local/lib/python3.10/site-packages/pydantic/_internal/_generate_schema.py", line 1334, in _union_schema
    choices.append(self.generate_schema(arg))
  File "/home/airflow/.local/lib/python3.10/site-packages/pydantic/_internal/_generate_schema.py", line 791, in generate_schema
    schema = self._generate_schema_from_get_schema_method(obj, obj)
  File "/home/airflow/.local/lib/python3.10/site-packages/pydantic/_internal/_generate_schema.py", line 980, in _generate_schema_from_get_schema_method
    schema = get_schema(
  File "/home/airflow/.local/lib/python3.10/site-packages/pydantic/networks.py", line 1080, in __get_pydantic_core_schema__
    import_email_validator()
  File "/home/airflow/.local/lib/python3.10/site-packages/pydantic/networks.py", line 1044, in import_email_validator
    raise ImportError('email-validator version >= 2.0 required, run pip install -U email-validator')
ImportError: email-validator version >= 2.0 required, run pip install -U email-validator
[2026-10-10T15:26:00.914+0000] {processor.py:842} WARNING - No viable dags retrieved from /opt/airflow/dags/diabetes_training_dag.py
[2026-10-10T15:26:00.943+0000] {processor.py:183} INFO - Processing /opt/airflow/dags/diabetes_training_dag.py took 1.902 seconds
[2026-10-10T15:26:31.119+0000] {processor.py:161} INFO - Started process (PID=213) to work on /opt/airflow/dags/diabetes_training_dag.py
[2026-10-10T15:26:31.120+0000] {processor.py:830} INFO - Processing file /opt/airflow/dags/diabetes_training_dag.py for tasks to queue
[2026-10-10T15:26:31.122+0000] {logging_mixin.py:188} INFO - [2026-10-10T15:26:31.121+0000] {dagbag.py:538} INFO - Filling up the DagBag from /opt/airflow/dags/diabetes_training_dag.py
[2026-10-10T15:26:33.116+0000] {logging_mixin.py:188} INFO - [2026-10-10T15:26:33.111+0000] {dagbag.py:348} ERROR - Failed to import: /opt/airflow/dags/diabetes_training_dag.py
Traceback (most recent call last):
  File "/home/airflow/.local/lib/python3.10/site-packages/airflow/models/dagbag.py", line 344, in parse
    loader.exec_module(new_module)
  File "<frozen importlib._bootstrap_external>", line 883, in exec_module
  File "<frozen importlib._bootstrap>", line 241, in _call_with_frames_removed
  File "/opt/airflow/dags/diabetes_training_dag.py", line 10, in <module>
    from src.clustering.cluster_analysis import cluster
  File "/opt/airflow/src/clustering/cluster_analysis.py", line 3, in <module>
    from src.clustering.kmeans import train_kmeans
  File "/opt/airflow/src/clustering/kmeans.py", line 2, in <module>
    import mlflow
  File "/home/airflow/.local/lib/python3.10/site-packages/mlflow/__init__.py", line 44, in <module>
    from mlflow import (
  File "/home/airflow/.local/lib/python3.10/site-packages/mlflow/genai/__init__.py", line 1, in <module>
    from mlflow.genai import (
  File "/home/airflow/.local/lib/python3.10/site-packages/mlflow/genai/judges/__init__.py", line 2, in <module>
    from mlflow.genai.judges import utils  # noqa: F401
  File "/home/airflow/.local/lib/python3.10/site-packages/mlflow/genai/judges/utils/__init__.py", line 15, in <module>
    from mlflow.genai.judges.adapters.litellm_adapter import (
  File "/home/airflow/.local/lib/python3.10/site-packages/mlflow/genai/judges/adapters/litellm_adapter.py", line 30, in <module>
    from mlflow.gateway.constants import MLFLOW_GATEWAY_CALLER_HEADER, GatewayCaller
  File "/home/airflow/.local/lib/python3.10/site-packages/mlflow/gateway/__init__.py", line 1, in <module>
    from mlflow.gateway.utils import get_gateway_uri, set_gateway_uri
  File "/home/airflow/.local/lib/python3.10/site-packages/mlflow/gateway/utils.py", line 10, in <module>
    from fastapi import HTTPException
  File "/home/airflow/.local/lib/python3.10/site-packages/fastapi/__init__.py", line 7, in <module>
    from .applications import FastAPI as FastAPI
  File "/home/airflow/.local/lib/python3.10/site-packages/fastapi/applications.py", line 7, in <module>
    from fastapi import routing
  File "/home/airflow/.local/lib/python3.10/site-packages/fastapi/routing.py", line 45, in <module>
    from fastapi import params
  File "/home/airflow/.local/lib/python3.10/site-packages/fastapi/params.py", line 8, in <module>
    from fastapi.openapi.models import Example
  File "/home/airflow/.local/lib/python3.10/site-packages/fastapi/openapi/models.py", line 61, in <module>
    class Contact(BaseModelWithConfig):
  File "/home/airflow/.local/lib/python3.10/site-packages/pydantic/_internal/_model_construction.py", line 253, in __new__
    complete_model_class(
  File "/home/airflow/.local/lib/python3.10/site-packages/pydantic/_internal/_model_construction.py", line 628, in complete_model_class
    schema = gen_schema.generate_schema(cls)
  File "/home/airflow/.local/lib/python3.10/site-packages/pydantic/_internal/_generate_schema.py", line 794, in generate_schema
    schema = self._generate_schema_inner(obj, origin)
  File "/home/airflow/.local/lib/python3.10/site-packages/pydantic/_internal/_generate_schema.py", line 1095, in _generate_schema_inner
    return self._model_schema(obj)
  File "/home/airflow/.local/lib/python3.10/site-packages/pydantic/_internal/_generate_schema.py", line 920, in _model_schema
    {k: self._generate_md_field_schema(k, v, decorators) for k, v in fields.items()},
  File "/home/airflow/.local/lib/python3.10/site-packages/pydantic/_internal/_generate_schema.py", line 920, in <dictcomp>
    {k: self._generate_md_field_schema(k, v, decorators) for k, v in fields.items()},
  File "/home/airflow/.local/lib/python3.10/site-packages/pydantic/_internal/_generate_schema.py", line 1227, in _generate_md_field_schema
    schema, metadata = self._common_field_schema(name, field_info, decorators)
  File "/home/airflow/.local/lib/python3.10/site-packages/pydantic/_internal/_generate_schema.py", line 1284, in _common_field_schema
    schema = self._apply_annotations(
  File "/home/airflow/.local/lib/python3.10/site-packages/pydantic/_internal/_generate_schema.py", line 2287, in _apply_annotations
    schema = get_inner_schema(source_type)
  File "/home/airflow/.local/lib/python3.10/site-packages/pydantic/_internal/_schema_generation_shared.py", line 84, in __call__
    schema = self._handler(source_type)
  File "/home/airflow/.local/lib/python3.10/site-packages/pydantic/_internal/_generate_schema.py", line 2265, in inner_handler
    schema = self._generate_schema_inner(obj, origin)
  File "/home/airflow/.local/lib/python3.10/site-packages/pydantic/_internal/_generate_schema.py", line 1073, in _generate_schema_inner
    return self._union_schema(obj)
  File "/home/airflow/.local/lib/python3.10/site-packages/pydantic/_internal/_generate_schema.py", line 1334, in _union_schema
    choices.append(self.generate_schema(arg))
  File "/home/airflow/.local/lib/python3.10/site-packages/pydantic/_internal/_generate_schema.py", line 791, in generate_schema
    schema = self._generate_schema_from_get_schema_method(obj, obj)
  File "/home/airflow/.local/lib/python3.10/site-packages/pydantic/_internal/_generate_schema.py", line 980, in _generate_schema_from_get_schema_method
    schema = get_schema(
  File "/home/airflow/.local/lib/python3.10/site-packages/pydantic/networks.py", line 1080, in __get_pydantic_core_schema__
    import_email_validator()
  File "/home/airflow/.local/lib/python3.10/site-packages/pydantic/networks.py", line 1044, in import_email_validator
    raise ImportError('email-validator version >= 2.0 required, run pip install -U email-validator')
ImportError: email-validator version >= 2.0 required, run pip install -U email-validator
[2026-10-10T15:26:33.117+0000] {processor.py:842} WARNING - No viable dags retrieved from /opt/airflow/dags/diabetes_training_dag.py
[2026-10-10T15:26:33.147+0000] {processor.py:183} INFO - Processing /opt/airflow/dags/diabetes_training_dag.py took 2.032 seconds
[2026-10-10T15:27:03.289+0000] {processor.py:161} INFO - Started process (PID=227) to work on /opt/airflow/dags/diabetes_training_dag.py
[2026-10-10T15:27:03.292+0000] {processor.py:830} INFO - Processing file /opt/airflow/dags/diabetes_training_dag.py for tasks to queue
[2026-10-10T15:27:03.294+0000] {logging_mixin.py:188} INFO - [2026-10-10T15:27:03.293+0000] {dagbag.py:538} INFO - Filling up the DagBag from /opt/airflow/dags/diabetes_training_dag.py
[2026-10-10T15:27:05.378+0000] {logging_mixin.py:188} INFO - [2026-10-10T15:27:05.372+0000] {dagbag.py:348} ERROR - Failed to import: /opt/airflow/dags/diabetes_training_dag.py
Traceback (most recent call last):
  File "/home/airflow/.local/lib/python3.10/site-packages/airflow/models/dagbag.py", line 344, in parse
    loader.exec_module(new_module)
  File "<frozen importlib._bootstrap_external>", line 883, in exec_module
  File "<frozen importlib._bootstrap>", line 241, in _call_with_frames_removed
  File "/opt/airflow/dags/diabetes_training_dag.py", line 10, in <module>
    from src.clustering.cluster_analysis import cluster
  File "/opt/airflow/src/clustering/cluster_analysis.py", line 3, in <module>
    from src.clustering.kmeans import train_kmeans
  File "/opt/airflow/src/clustering/kmeans.py", line 2, in <module>
    import mlflow
  File "/home/airflow/.local/lib/python3.10/site-packages/mlflow/__init__.py", line 44, in <module>
    from mlflow import (
  File "/home/airflow/.local/lib/python3.10/site-packages/mlflow/genai/__init__.py", line 1, in <module>
    from mlflow.genai import (
  File "/home/airflow/.local/lib/python3.10/site-packages/mlflow/genai/judges/__init__.py", line 2, in <module>
    from mlflow.genai.judges import utils  # noqa: F401
  File "/home/airflow/.local/lib/python3.10/site-packages/mlflow/genai/judges/utils/__init__.py", line 15, in <module>
    from mlflow.genai.judges.adapters.litellm_adapter import (
  File "/home/airflow/.local/lib/python3.10/site-packages/mlflow/genai/judges/adapters/litellm_adapter.py", line 30, in <module>
    from mlflow.gateway.constants import MLFLOW_GATEWAY_CALLER_HEADER, GatewayCaller
  File "/home/airflow/.local/lib/python3.10/site-packages/mlflow/gateway/__init__.py", line 1, in <module>
    from mlflow.gateway.utils import get_gateway_uri, set_gateway_uri
  File "/home/airflow/.local/lib/python3.10/site-packages/mlflow/gateway/utils.py", line 10, in <module>
    from fastapi import HTTPException
  File "/home/airflow/.local/lib/python3.10/site-packages/fastapi/__init__.py", line 7, in <module>
    from .applications import FastAPI as FastAPI
  File "/home/airflow/.local/lib/python3.10/site-packages/fastapi/applications.py", line 7, in <module>
    from fastapi import routing
  File "/home/airflow/.local/lib/python3.10/site-packages/fastapi/routing.py", line 45, in <module>
    from fastapi import params
  File "/home/airflow/.local/lib/python3.10/site-packages/fastapi/params.py", line 8, in <module>
    from fastapi.openapi.models import Example
  File "/home/airflow/.local/lib/python3.10/site-packages/fastapi/openapi/models.py", line 61, in <module>
    class Contact(BaseModelWithConfig):
  File "/home/airflow/.local/lib/python3.10/site-packages/pydantic/_internal/_model_construction.py", line 253, in __new__
    complete_model_class(
  File "/home/airflow/.local/lib/python3.10/site-packages/pydantic/_internal/_model_construction.py", line 628, in complete_model_class
    schema = gen_schema.generate_schema(cls)
  File "/home/airflow/.local/lib/python3.10/site-packages/pydantic/_internal/_generate_schema.py", line 794, in generate_schema
    schema = self._generate_schema_inner(obj, origin)
  File "/home/airflow/.local/lib/python3.10/site-packages/pydantic/_internal/_generate_schema.py", line 1095, in _generate_schema_inner
    return self._model_schema(obj)
  File "/home/airflow/.local/lib/python3.10/site-packages/pydantic/_internal/_generate_schema.py", line 920, in _model_schema
    {k: self._generate_md_field_schema(k, v, decorators) for k, v in fields.items()},
  File "/home/airflow/.local/lib/python3.10/site-packages/pydantic/_internal/_generate_schema.py", line 920, in <dictcomp>
    {k: self._generate_md_field_schema(k, v, decorators) for k, v in fields.items()},
  File "/home/airflow/.local/lib/python3.10/site-packages/pydantic/_internal/_generate_schema.py", line 1227, in _generate_md_field_schema
    schema, metadata = self._common_field_schema(name, field_info, decorators)
  File "/home/airflow/.local/lib/python3.10/site-packages/pydantic/_internal/_generate_schema.py", line 1284, in _common_field_schema
    schema = self._apply_annotations(
  File "/home/airflow/.local/lib/python3.10/site-packages/pydantic/_internal/_generate_schema.py", line 2287, in _apply_annotations
    schema = get_inner_schema(source_type)
  File "/home/airflow/.local/lib/python3.10/site-packages/pydantic/_internal/_schema_generation_shared.py", line 84, in __call__
    schema = self._handler(source_type)
  File "/home/airflow/.local/lib/python3.10/site-packages/pydantic/_internal/_generate_schema.py", line 2265, in inner_handler
    schema = self._generate_schema_inner(obj, origin)
  File "/home/airflow/.local/lib/python3.10/site-packages/pydantic/_internal/_generate_schema.py", line 1073, in _generate_schema_inner
    return self._union_schema(obj)
  File "/home/airflow/.local/lib/python3.10/site-packages/pydantic/_internal/_generate_schema.py", line 1334, in _union_schema
    choices.append(self.generate_schema(arg))
  File "/home/airflow/.local/lib/python3.10/site-packages/pydantic/_internal/_generate_schema.py", line 791, in generate_schema
    schema = self._generate_schema_from_get_schema_method(obj, obj)
  File "/home/airflow/.local/lib/python3.10/site-packages/pydantic/_internal/_generate_schema.py", line 980, in _generate_schema_from_get_schema_method
    schema = get_schema(
  File "/home/airflow/.local/lib/python3.10/site-packages/pydantic/networks.py", line 1080, in __get_pydantic_core_schema__
    import_email_validator()
  File "/home/airflow/.local/lib/python3.10/site-packages/pydantic/networks.py", line 1044, in import_email_validator
    raise ImportError('email-validator version >= 2.0 required, run pip install -U email-validator')
ImportError: email-validator version >= 2.0 required, run pip install -U email-validator
[2026-10-10T15:27:05.379+0000] {processor.py:842} WARNING - No viable dags retrieved from /opt/airflow/dags/diabetes_training_dag.py
[2026-10-10T15:27:05.411+0000] {processor.py:183} INFO - Processing /opt/airflow/dags/diabetes_training_dag.py took 2.128 seconds
[2026-10-10T15:27:35.510+0000] {processor.py:161} INFO - Started process (PID=241) to work on /opt/airflow/dags/diabetes_training_dag.py
[2026-10-10T15:27:35.513+0000] {processor.py:830} INFO - Processing file /opt/airflow/dags/diabetes_training_dag.py for tasks to queue
[2026-10-10T15:27:35.515+0000] {logging_mixin.py:188} INFO - [2026-10-10T15:27:35.515+0000] {dagbag.py:538} INFO - Filling up the DagBag from /opt/airflow/dags/diabetes_training_dag.py
[2026-10-10T15:27:38.273+0000] {logging_mixin.py:188} INFO - [2026-10-10T15:27:38.267+0000] {dagbag.py:348} ERROR - Failed to import: /opt/airflow/dags/diabetes_training_dag.py
Traceback (most recent call last):
  File "/home/airflow/.local/lib/python3.10/site-packages/airflow/models/dagbag.py", line 344, in parse
    loader.exec_module(new_module)
  File "<frozen importlib._bootstrap_external>", line 883, in exec_module
  File "<frozen importlib._bootstrap>", line 241, in _call_with_frames_removed
  File "/opt/airflow/dags/diabetes_training_dag.py", line 10, in <module>
    from src.clustering.cluster_analysis import cluster
  File "/opt/airflow/src/clustering/cluster_analysis.py", line 3, in <module>
    from src.clustering.kmeans import train_kmeans
  File "/opt/airflow/src/clustering/kmeans.py", line 2, in <module>
    import mlflow
  File "/home/airflow/.local/lib/python3.10/site-packages/mlflow/__init__.py", line 44, in <module>
    from mlflow import (
  File "/home/airflow/.local/lib/python3.10/site-packages/mlflow/genai/__init__.py", line 1, in <module>
    from mlflow.genai import (
  File "/home/airflow/.local/lib/python3.10/site-packages/mlflow/genai/judges/__init__.py", line 2, in <module>
    from mlflow.genai.judges import utils  # noqa: F401
  File "/home/airflow/.local/lib/python3.10/site-packages/mlflow/genai/judges/utils/__init__.py", line 15, in <module>
    from mlflow.genai.judges.adapters.litellm_adapter import (
  File "/home/airflow/.local/lib/python3.10/site-packages/mlflow/genai/judges/adapters/litellm_adapter.py", line 30, in <module>
    from mlflow.gateway.constants import MLFLOW_GATEWAY_CALLER_HEADER, GatewayCaller
  File "/home/airflow/.local/lib/python3.10/site-packages/mlflow/gateway/__init__.py", line 1, in <module>
    from mlflow.gateway.utils import get_gateway_uri, set_gateway_uri
  File "/home/airflow/.local/lib/python3.10/site-packages/mlflow/gateway/utils.py", line 10, in <module>
    from fastapi import HTTPException
  File "/home/airflow/.local/lib/python3.10/site-packages/fastapi/__init__.py", line 7, in <module>
    from .applications import FastAPI as FastAPI
  File "/home/airflow/.local/lib/python3.10/site-packages/fastapi/applications.py", line 7, in <module>
    from fastapi import routing
  File "/home/airflow/.local/lib/python3.10/site-packages/fastapi/routing.py", line 45, in <module>
    from fastapi import params
  File "/home/airflow/.local/lib/python3.10/site-packages/fastapi/params.py", line 8, in <module>
    from fastapi.openapi.models import Example
  File "/home/airflow/.local/lib/python3.10/site-packages/fastapi/openapi/models.py", line 61, in <module>
    class Contact(BaseModelWithConfig):
  File "/home/airflow/.local/lib/python3.10/site-packages/pydantic/_internal/_model_construction.py", line 253, in __new__
    complete_model_class(
  File "/home/airflow/.local/lib/python3.10/site-packages/pydantic/_internal/_model_construction.py", line 628, in complete_model_class
    schema = gen_schema.generate_schema(cls)
  File "/home/airflow/.local/lib/python3.10/site-packages/pydantic/_internal/_generate_schema.py", line 794, in generate_schema
    schema = self._generate_schema_inner(obj, origin)
  File "/home/airflow/.local/lib/python3.10/site-packages/pydantic/_internal/_generate_schema.py", line 1095, in _generate_schema_inner
    return self._model_schema(obj)
  File "/home/airflow/.local/lib/python3.10/site-packages/pydantic/_internal/_generate_schema.py", line 920, in _model_schema
    {k: self._generate_md_field_schema(k, v, decorators) for k, v in fields.items()},
  File "/home/airflow/.local/lib/python3.10/site-packages/pydantic/_internal/_generate_schema.py", line 920, in <dictcomp>
    {k: self._generate_md_field_schema(k, v, decorators) for k, v in fields.items()},
  File "/home/airflow/.local/lib/python3.10/site-packages/pydantic/_internal/_generate_schema.py", line 1227, in _generate_md_field_schema
    schema, metadata = self._common_field_schema(name, field_info, decorators)
  File "/home/airflow/.local/lib/python3.10/site-packages/pydantic/_internal/_generate_schema.py", line 1284, in _common_field_schema
    schema = self._apply_annotations(
  File "/home/airflow/.local/lib/python3.10/site-packages/pydantic/_internal/_generate_schema.py", line 2287, in _apply_annotations
    schema = get_inner_schema(source_type)
  File "/home/airflow/.local/lib/python3.10/site-packages/pydantic/_internal/_schema_generation_shared.py", line 84, in __call__
    schema = self._handler(source_type)
  File "/home/airflow/.local/lib/python3.10/site-packages/pydantic/_internal/_generate_schema.py", line 2265, in inner_handler
    schema = self._generate_schema_inner(obj, origin)
  File "/home/airflow/.local/lib/python3.10/site-packages/pydantic/_internal/_generate_schema.py", line 1073, in _generate_schema_inner
    return self._union_schema(obj)
  File "/home/airflow/.local/lib/python3.10/site-packages/pydantic/_internal/_generate_schema.py", line 1334, in _union_schema
    choices.append(self.generate_schema(arg))
  File "/home/airflow/.local/lib/python3.10/site-packages/pydantic/_internal/_generate_schema.py", line 791, in generate_schema
    schema = self._generate_schema_from_get_schema_method(obj, obj)
  File "/home/airflow/.local/lib/python3.10/site-packages/pydantic/_internal/_generate_schema.py", line 980, in _generate_schema_from_get_schema_method
    schema = get_schema(
  File "/home/airflow/.local/lib/python3.10/site-packages/pydantic/networks.py", line 1080, in __get_pydantic_core_schema__
    import_email_validator()
  File "/home/airflow/.local/lib/python3.10/site-packages/pydantic/networks.py", line 1044, in import_email_validator
    raise ImportError('email-validator version >= 2.0 required, run pip install -U email-validator')
ImportError: email-validator version >= 2.0 required, run pip install -U email-validator
[2026-10-10T15:27:38.273+0000] {processor.py:842} WARNING - No viable dags retrieved from /opt/airflow/dags/diabetes_training_dag.py
[2026-10-10T15:27:38.315+0000] {processor.py:183} INFO - Processing /opt/airflow/dags/diabetes_training_dag.py took 2.814 seconds
[2026-10-10T15:28:08.563+0000] {processor.py:161} INFO - Started process (PID=255) to work on /opt/airflow/dags/diabetes_training_dag.py
[2026-10-10T15:28:08.565+0000] {processor.py:830} INFO - Processing file /opt/airflow/dags/diabetes_training_dag.py for tasks to queue
[2026-10-10T15:28:08.566+0000] {logging_mixin.py:188} INFO - [2026-10-10T15:28:08.566+0000] {dagbag.py:538} INFO - Filling up the DagBag from /opt/airflow/dags/diabetes_training_dag.py
[2026-10-10T15:28:10.684+0000] {logging_mixin.py:188} INFO - [2026-10-10T15:28:10.679+0000] {dagbag.py:348} ERROR - Failed to import: /opt/airflow/dags/diabetes_training_dag.py
Traceback (most recent call last):
  File "/home/airflow/.local/lib/python3.10/site-packages/airflow/models/dagbag.py", line 344, in parse
    loader.exec_module(new_module)
  File "<frozen importlib._bootstrap_external>", line 883, in exec_module
  File "<frozen importlib._bootstrap>", line 241, in _call_with_frames_removed
  File "/opt/airflow/dags/diabetes_training_dag.py", line 10, in <module>
    from src.clustering.cluster_analysis import cluster
  File "/opt/airflow/src/clustering/cluster_analysis.py", line 3, in <module>
    from src.clustering.kmeans import train_kmeans
  File "/opt/airflow/src/clustering/kmeans.py", line 2, in <module>
    import mlflow
  File "/home/airflow/.local/lib/python3.10/site-packages/mlflow/__init__.py", line 44, in <module>
    from mlflow import (
  File "/home/airflow/.local/lib/python3.10/site-packages/mlflow/genai/__init__.py", line 1, in <module>
    from mlflow.genai import (
  File "/home/airflow/.local/lib/python3.10/site-packages/mlflow/genai/judges/__init__.py", line 2, in <module>
    from mlflow.genai.judges import utils  # noqa: F401
  File "/home/airflow/.local/lib/python3.10/site-packages/mlflow/genai/judges/utils/__init__.py", line 15, in <module>
    from mlflow.genai.judges.adapters.litellm_adapter import (
  File "/home/airflow/.local/lib/python3.10/site-packages/mlflow/genai/judges/adapters/litellm_adapter.py", line 30, in <module>
    from mlflow.gateway.constants import MLFLOW_GATEWAY_CALLER_HEADER, GatewayCaller
  File "/home/airflow/.local/lib/python3.10/site-packages/mlflow/gateway/__init__.py", line 1, in <module>
    from mlflow.gateway.utils import get_gateway_uri, set_gateway_uri
  File "/home/airflow/.local/lib/python3.10/site-packages/mlflow/gateway/utils.py", line 10, in <module>
    from fastapi import HTTPException
  File "/home/airflow/.local/lib/python3.10/site-packages/fastapi/__init__.py", line 7, in <module>
    from .applications import FastAPI as FastAPI
  File "/home/airflow/.local/lib/python3.10/site-packages/fastapi/applications.py", line 7, in <module>
    from fastapi import routing
  File "/home/airflow/.local/lib/python3.10/site-packages/fastapi/routing.py", line 45, in <module>
    from fastapi import params
  File "/home/airflow/.local/lib/python3.10/site-packages/fastapi/params.py", line 8, in <module>
    from fastapi.openapi.models import Example
  File "/home/airflow/.local/lib/python3.10/site-packages/fastapi/openapi/models.py", line 61, in <module>
    class Contact(BaseModelWithConfig):
  File "/home/airflow/.local/lib/python3.10/site-packages/pydantic/_internal/_model_construction.py", line 253, in __new__
    complete_model_class(
  File "/home/airflow/.local/lib/python3.10/site-packages/pydantic/_internal/_model_construction.py", line 628, in complete_model_class
    schema = gen_schema.generate_schema(cls)
  File "/home/airflow/.local/lib/python3.10/site-packages/pydantic/_internal/_generate_schema.py", line 794, in generate_schema
    schema = self._generate_schema_inner(obj, origin)
  File "/home/airflow/.local/lib/python3.10/site-packages/pydantic/_internal/_generate_schema.py", line 1095, in _generate_schema_inner
    return self._model_schema(obj)
  File "/home/airflow/.local/lib/python3.10/site-packages/pydantic/_internal/_generate_schema.py", line 920, in _model_schema
    {k: self._generate_md_field_schema(k, v, decorators) for k, v in fields.items()},
  File "/home/airflow/.local/lib/python3.10/site-packages/pydantic/_internal/_generate_schema.py", line 920, in <dictcomp>
    {k: self._generate_md_field_schema(k, v, decorators) for k, v in fields.items()},
  File "/home/airflow/.local/lib/python3.10/site-packages/pydantic/_internal/_generate_schema.py", line 1227, in _generate_md_field_schema
    schema, metadata = self._common_field_schema(name, field_info, decorators)
  File "/home/airflow/.local/lib/python3.10/site-packages/pydantic/_internal/_generate_schema.py", line 1284, in _common_field_schema
    schema = self._apply_annotations(
  File "/home/airflow/.local/lib/python3.10/site-packages/pydantic/_internal/_generate_schema.py", line 2287, in _apply_annotations
    schema = get_inner_schema(source_type)
  File "/home/airflow/.local/lib/python3.10/site-packages/pydantic/_internal/_schema_generation_shared.py", line 84, in __call__
    schema = self._handler(source_type)
  File "/home/airflow/.local/lib/python3.10/site-packages/pydantic/_internal/_generate_schema.py", line 2265, in inner_handler
    schema = self._generate_schema_inner(obj, origin)
  File "/home/airflow/.local/lib/python3.10/site-packages/pydantic/_internal/_generate_schema.py", line 1073, in _generate_schema_inner
    return self._union_schema(obj)
  File "/home/airflow/.local/lib/python3.10/site-packages/pydantic/_internal/_generate_schema.py", line 1334, in _union_schema
    choices.append(self.generate_schema(arg))
  File "/home/airflow/.local/lib/python3.10/site-packages/pydantic/_internal/_generate_schema.py", line 791, in generate_schema
    schema = self._generate_schema_from_get_schema_method(obj, obj)
  File "/home/airflow/.local/lib/python3.10/site-packages/pydantic/_internal/_generate_schema.py", line 980, in _generate_schema_from_get_schema_method
    schema = get_schema(
  File "/home/airflow/.local/lib/python3.10/site-packages/pydantic/networks.py", line 1080, in __get_pydantic_core_schema__
    import_email_validator()
  File "/home/airflow/.local/lib/python3.10/site-packages/pydantic/networks.py", line 1044, in import_email_validator
    raise ImportError('email-validator version >= 2.0 required, run pip install -U email-validator')
ImportError: email-validator version >= 2.0 required, run pip install -U email-validator
[2026-10-10T15:28:10.685+0000] {processor.py:842} WARNING - No viable dags retrieved from /opt/airflow/dags/diabetes_training_dag.py
[2026-10-10T15:28:10.724+0000] {processor.py:183} INFO - Processing /opt/airflow/dags/diabetes_training_dag.py took 2.168 seconds
[2026-10-10T15:28:40.974+0000] {processor.py:161} INFO - Started process (PID=269) to work on /opt/airflow/dags/diabetes_training_dag.py
[2026-10-10T15:28:40.983+0000] {processor.py:830} INFO - Processing file /opt/airflow/dags/diabetes_training_dag.py for tasks to queue
[2026-10-10T15:28:40.985+0000] {logging_mixin.py:188} INFO - [2026-10-10T15:28:40.984+0000] {dagbag.py:538} INFO - Filling up the DagBag from /opt/airflow/dags/diabetes_training_dag.py
[2026-10-10T15:28:42.878+0000] {logging_mixin.py:188} INFO - [2026-10-10T15:28:42.873+0000] {dagbag.py:348} ERROR - Failed to import: /opt/airflow/dags/diabetes_training_dag.py
Traceback (most recent call last):
  File "/home/airflow/.local/lib/python3.10/site-packages/airflow/models/dagbag.py", line 344, in parse
    loader.exec_module(new_module)
  File "<frozen importlib._bootstrap_external>", line 883, in exec_module
  File "<frozen importlib._bootstrap>", line 241, in _call_with_frames_removed
  File "/opt/airflow/dags/diabetes_training_dag.py", line 10, in <module>
    from src.clustering.cluster_analysis import cluster
  File "/opt/airflow/src/clustering/cluster_analysis.py", line 3, in <module>
    from src.clustering.kmeans import train_kmeans
  File "/opt/airflow/src/clustering/kmeans.py", line 2, in <module>
    import mlflow
  File "/home/airflow/.local/lib/python3.10/site-packages/mlflow/__init__.py", line 44, in <module>
    from mlflow import (
  File "/home/airflow/.local/lib/python3.10/site-packages/mlflow/genai/__init__.py", line 1, in <module>
    from mlflow.genai import (
  File "/home/airflow/.local/lib/python3.10/site-packages/mlflow/genai/judges/__init__.py", line 2, in <module>
    from mlflow.genai.judges import utils  # noqa: F401
  File "/home/airflow/.local/lib/python3.10/site-packages/mlflow/genai/judges/utils/__init__.py", line 15, in <module>
    from mlflow.genai.judges.adapters.litellm_adapter import (
  File "/home/airflow/.local/lib/python3.10/site-packages/mlflow/genai/judges/adapters/litellm_adapter.py", line 30, in <module>
    from mlflow.gateway.constants import MLFLOW_GATEWAY_CALLER_HEADER, GatewayCaller
  File "/home/airflow/.local/lib/python3.10/site-packages/mlflow/gateway/__init__.py", line 1, in <module>
    from mlflow.gateway.utils import get_gateway_uri, set_gateway_uri
  File "/home/airflow/.local/lib/python3.10/site-packages/mlflow/gateway/utils.py", line 10, in <module>
    from fastapi import HTTPException
  File "/home/airflow/.local/lib/python3.10/site-packages/fastapi/__init__.py", line 7, in <module>
    from .applications import FastAPI as FastAPI
  File "/home/airflow/.local/lib/python3.10/site-packages/fastapi/applications.py", line 7, in <module>
    from fastapi import routing
  File "/home/airflow/.local/lib/python3.10/site-packages/fastapi/routing.py", line 45, in <module>
    from fastapi import params
  File "/home/airflow/.local/lib/python3.10/site-packages/fastapi/params.py", line 8, in <module>
    from fastapi.openapi.models import Example
  File "/home/airflow/.local/lib/python3.10/site-packages/fastapi/openapi/models.py", line 61, in <module>
    class Contact(BaseModelWithConfig):
  File "/home/airflow/.local/lib/python3.10/site-packages/pydantic/_internal/_model_construction.py", line 253, in __new__
    complete_model_class(
  File "/home/airflow/.local/lib/python3.10/site-packages/pydantic/_internal/_model_construction.py", line 628, in complete_model_class
    schema = gen_schema.generate_schema(cls)
  File "/home/airflow/.local/lib/python3.10/site-packages/pydantic/_internal/_generate_schema.py", line 794, in generate_schema
    schema = self._generate_schema_inner(obj, origin)
  File "/home/airflow/.local/lib/python3.10/site-packages/pydantic/_internal/_generate_schema.py", line 1095, in _generate_schema_inner
    return self._model_schema(obj)
  File "/home/airflow/.local/lib/python3.10/site-packages/pydantic/_internal/_generate_schema.py", line 920, in _model_schema
    {k: self._generate_md_field_schema(k, v, decorators) for k, v in fields.items()},
  File "/home/airflow/.local/lib/python3.10/site-packages/pydantic/_internal/_generate_schema.py", line 920, in <dictcomp>
    {k: self._generate_md_field_schema(k, v, decorators) for k, v in fields.items()},
  File "/home/airflow/.local/lib/python3.10/site-packages/pydantic/_internal/_generate_schema.py", line 1227, in _generate_md_field_schema
    schema, metadata = self._common_field_schema(name, field_info, decorators)
  File "/home/airflow/.local/lib/python3.10/site-packages/pydantic/_internal/_generate_schema.py", line 1284, in _common_field_schema
    schema = self._apply_annotations(
  File "/home/airflow/.local/lib/python3.10/site-packages/pydantic/_internal/_generate_schema.py", line 2287, in _apply_annotations
    schema = get_inner_schema(source_type)
  File "/home/airflow/.local/lib/python3.10/site-packages/pydantic/_internal/_schema_generation_shared.py", line 84, in __call__
    schema = self._handler(source_type)
  File "/home/airflow/.local/lib/python3.10/site-packages/pydantic/_internal/_generate_schema.py", line 2265, in inner_handler
    schema = self._generate_schema_inner(obj, origin)
  File "/home/airflow/.local/lib/python3.10/site-packages/pydantic/_internal/_generate_schema.py", line 1073, in _generate_schema_inner
    return self._union_schema(obj)
  File "/home/airflow/.local/lib/python3.10/site-packages/pydantic/_internal/_generate_schema.py", line 1334, in _union_schema
    choices.append(self.generate_schema(arg))
  File "/home/airflow/.local/lib/python3.10/site-packages/pydantic/_internal/_generate_schema.py", line 791, in generate_schema
    schema = self._generate_schema_from_get_schema_method(obj, obj)
  File "/home/airflow/.local/lib/python3.10/site-packages/pydantic/_internal/_generate_schema.py", line 980, in _generate_schema_from_get_schema_method
    schema = get_schema(
  File "/home/airflow/.local/lib/python3.10/site-packages/pydantic/networks.py", line 1080, in __get_pydantic_core_schema__
    import_email_validator()
  File "/home/airflow/.local/lib/python3.10/site-packages/pydantic/networks.py", line 1044, in import_email_validator
    raise ImportError('email-validator version >= 2.0 required, run pip install -U email-validator')
ImportError: email-validator version >= 2.0 required, run pip install -U email-validator
[2026-10-10T15:28:42.878+0000] {processor.py:842} WARNING - No viable dags retrieved from /opt/airflow/dags/diabetes_training_dag.py
[2026-10-10T15:28:42.918+0000] {processor.py:183} INFO - Processing /opt/airflow/dags/diabetes_training_dag.py took 1.949 seconds
[2026-10-10T15:50:51.671+0000] {processor.py:161} INFO - Started process (PID=29) to work on /opt/airflow/dags/diabetes_training_dag.py
[2026-10-10T15:50:51.688+0000] {processor.py:830} INFO - Processing file /opt/airflow/dags/diabetes_training_dag.py for tasks to queue
[2026-10-10T15:50:51.690+0000] {logging_mixin.py:188} INFO - [2026-10-10T15:50:51.689+0000] {dagbag.py:538} INFO - Filling up the DagBag from /opt/airflow/dags/diabetes_training_dag.py
[2026-10-10T15:50:53.918+0000] {logging_mixin.py:188} INFO - [2026-10-10T15:50:53.917+0000] {font_manager.py:1639} INFO - generated new fontManager
[2026-10-10T15:50:55.717+0000] {logging_mixin.py:188} WARNING - 2026/10/10 15:50:55 INFO mlflow.store.db.utils: Creating initial MLflow database tables...
[2026-10-10T15:50:55.746+0000] {logging_mixin.py:188} WARNING - 2026/10/10 15:50:55 INFO mlflow.store.db.utils: Updating database tables
[2026-10-10T15:50:59.250+0000] {logging_mixin.py:188} WARNING - 2026/10/10 15:50:59 INFO mlflow.tracking.fluent: Experiment with name 'Diabetes Risk Classification' does not exist. Creating a new experiment.
[2026-10-10T15:50:59.338+0000] {logging_mixin.py:188} WARNING - 2026/10/10 15:50:59 WARNING mlflow.utils.git_utils: Failed to import Git (the Git executable is probably not on your PATH), so Git SHA is not available. Error: Failed to initialize: Bad git executable.
The git executable must be specified in one of the following ways:
    - be included in your $PATH
    - be set via $GIT_PYTHON_GIT_EXECUTABLE
    - explicitly set via git.refresh(<full-path-to-git-executable>)

All git commands will error until this is rectified.

This initial message can be silenced or aggravated in the future by setting the
$GIT_PYTHON_REFRESH environment variable. Use one of the following values:
    - quiet|q|silence|s|silent|none|n|0: for no message or exception
    - warn|w|warning|log|l|1: for a warning message (logging level CRITICAL, displayed by default)
    - error|e|exception|raise|r|2: for a raised exception

Example:
    export GIT_PYTHON_REFRESH=quiet
[2026-10-10T15:50:59.340+0000] {logging_mixin.py:188} WARNING - 2026/10/10 15:50:59 WARNING mlflow.utils.git_utils: Failed to import Git (the Git executable is probably not on your PATH), so Git branch is not available. Error: Failed to initialize: Bad git executable.
The git executable must be specified in one of the following ways:
    - be included in your $PATH
    - be set via $GIT_PYTHON_GIT_EXECUTABLE
    - explicitly set via git.refresh(<full-path-to-git-executable>)

All git commands will error until this is rectified.

This initial message can be silenced or aggravated in the future by setting the
$GIT_PYTHON_REFRESH environment variable. Use one of the following values:
    - quiet|q|silence|s|silent|none|n|0: for no message or exception
    - warn|w|warning|log|l|1: for a warning message (logging level CRITICAL, displayed by default)
    - error|e|exception|raise|r|2: for a raised exception

Example:
    export GIT_PYTHON_REFRESH=quiet
[2026-10-10T15:50:59.342+0000] {logging_mixin.py:188} WARNING - 2026/10/10 15:50:59 WARNING mlflow.utils.git_utils: Failed to import Git (the Git executable is probably not on your PATH), so Git repository URL is not available. Error: Failed to initialize: Bad git executable.
The git executable must be specified in one of the following ways:
    - be included in your $PATH
    - be set via $GIT_PYTHON_GIT_EXECUTABLE
    - explicitly set via git.refresh(<full-path-to-git-executable>)

All git commands will error until this is rectified.

This initial message can be silenced or aggravated in the future by setting the
$GIT_PYTHON_REFRESH environment variable. Use one of the following values:
    - quiet|q|silence|s|silent|none|n|0: for no message or exception
    - warn|w|warning|log|l|1: for a warning message (logging level CRITICAL, displayed by default)
    - error|e|exception|raise|r|2: for a raised exception

Example:
    export GIT_PYTHON_REFRESH=quiet
[2026-10-10T15:50:59.523+0000] {logging_mixin.py:188} WARNING - 2026/10/10 15:50:59 WARNING mlflow.sklearn: Saving scikit-learn models in the pickle or cloudpickle format requires exercising caution because these formats rely on Python's object serialization mechanism, which can execute arbitrary code during deserialization. The recommended safe alternative is the 'skops' format. For more information, see: https://scikit-learn.org/stable/model_persistence.html
[2026-10-10T15:51:04.153+0000] {logging_mixin.py:188} WARNING - 2026/10/10 15:51:04 WARNING mlflow.sklearn: Saving scikit-learn models in the pickle or cloudpickle format requires exercising caution because these formats rely on Python's object serialization mechanism, which can execute arbitrary code during deserialization. The recommended safe alternative is the 'skops' format. For more information, see: https://scikit-learn.org/stable/model_persistence.html
[2026-10-10T15:51:08.114+0000] {logging_mixin.py:188} WARNING - 2026/10/10 15:51:08 WARNING mlflow.sklearn: Saving scikit-learn models in the pickle or cloudpickle format requires exercising caution because these formats rely on Python's object serialization mechanism, which can execute arbitrary code during deserialization. The recommended safe alternative is the 'skops' format. For more information, see: https://scikit-learn.org/stable/model_persistence.html
[2026-10-10T15:51:11.394+0000] {logging_mixin.py:188} WARNING - 2026/10/10 15:51:11 WARNING mlflow.sklearn: Saving scikit-learn models in the pickle or cloudpickle format requires exercising caution because these formats rely on Python's object serialization mechanism, which can execute arbitrary code during deserialization. The recommended safe alternative is the 'skops' format. For more information, see: https://scikit-learn.org/stable/model_persistence.html
[2026-10-10T15:51:14.798+0000] {logging_mixin.py:188} WARNING - 2026/10/10 15:51:14 WARNING mlflow.sklearn: Saving scikit-learn models in the pickle or cloudpickle format requires exercising caution because these formats rely on Python's object serialization mechanism, which can execute arbitrary code during deserialization. The recommended safe alternative is the 'skops' format. For more information, see: https://scikit-learn.org/stable/model_persistence.html
[2026-10-10T15:51:18.109+0000] {logging_mixin.py:188} WARNING - 2026/10/10 15:51:18 WARNING mlflow.sklearn: Saving scikit-learn models in the pickle or cloudpickle format requires exercising caution because these formats rely on Python's object serialization mechanism, which can execute arbitrary code during deserialization. The recommended safe alternative is the 'skops' format. For more information, see: https://scikit-learn.org/stable/model_persistence.html
[2026-10-10T15:51:21.693+0000] {logging_mixin.py:188} INFO - [2026-10-10T15:51:21.692+0000] {timeout.py:68} ERROR - Process timed out, PID: 29
[2026-10-10T15:51:21.707+0000] {logging_mixin.py:188} INFO - [2026-10-10T15:51:21.704+0000] {dagbag.py:348} ERROR - Failed to import: /opt/airflow/dags/diabetes_training_dag.py
Traceback (most recent call last):
  File "/home/airflow/.local/lib/python3.10/site-packages/airflow/models/dagbag.py", line 344, in parse
    loader.exec_module(new_module)
  File "<frozen importlib._bootstrap_external>", line 883, in exec_module
  File "<frozen importlib._bootstrap>", line 241, in _call_with_frames_removed
  File "/opt/airflow/dags/diabetes_training_dag.py", line 11, in <module>
    from src.classification.tuning import tune
  File "/opt/airflow/src/classification/tuning.py", line 5, in <module>
    from src.classification.evaluate import evaluate
  File "/opt/airflow/src/classification/evaluate.py", line 28, in <module>
    trained_models = train()
  File "/opt/airflow/src/classification/train.py", line 85, in train
    model.fit(X_train,y_train)
  File "/home/airflow/.local/lib/python3.10/site-packages/sklearn/base.py", line 1365, in wrapper
    return fit_method(estimator, *args, **kwargs)
  File "/home/airflow/.local/lib/python3.10/site-packages/sklearn/ensemble/_gb.py", line 787, in fit
    n_stages = self._fit_stages(
  File "/home/airflow/.local/lib/python3.10/site-packages/sklearn/ensemble/_gb.py", line 883, in _fit_stages
    raw_predictions = self._fit_stage(
  File "/home/airflow/.local/lib/python3.10/site-packages/sklearn/ensemble/_gb.py", line 489, in _fit_stage
    tree.fit(
  File "/home/airflow/.local/lib/python3.10/site-packages/sklearn/base.py", line 1365, in wrapper
    return fit_method(estimator, *args, **kwargs)
  File "/home/airflow/.local/lib/python3.10/site-packages/sklearn/tree/_classes.py", line 1404, in fit
    super()._fit(
  File "/home/airflow/.local/lib/python3.10/site-packages/sklearn/tree/_classes.py", line 472, in _fit
    builder.build(self.tree_, X, y, sample_weight, missing_values_in_feature_mask)
  File "/home/airflow/.local/lib/python3.10/site-packages/airflow/utils/timeout.py", line 69, in handle_timeout
    raise AirflowTaskTimeout(self.error_message)
airflow.exceptions.AirflowTaskTimeout: DagBag import timeout for /opt/airflow/dags/diabetes_training_dag.py after 30.0s.
Please take a look at these docs to improve your DAG import time:
* https://airflow.apache.org/docs/apache-airflow/2.8.1/best-practices.html#top-level-python-code
* https://airflow.apache.org/docs/apache-airflow/2.8.1/best-practices.html#reducing-dag-complexity, PID: 29
[2026-10-10T15:51:21.708+0000] {processor.py:842} WARNING - No viable dags retrieved from /opt/airflow/dags/diabetes_training_dag.py
[2026-10-10T15:51:21.736+0000] {processor.py:183} INFO - Processing /opt/airflow/dags/diabetes_training_dag.py took 30.070 seconds
[2026-10-10T15:51:52.002+0000] {processor.py:161} INFO - Started process (PID=206) to work on /opt/airflow/dags/diabetes_training_dag.py
[2026-10-10T15:51:52.006+0000] {processor.py:830} INFO - Processing file /opt/airflow/dags/diabetes_training_dag.py for tasks to queue
[2026-10-10T15:51:52.007+0000] {logging_mixin.py:188} INFO - [2026-10-10T15:51:52.007+0000] {dagbag.py:538} INFO - Filling up the DagBag from /opt/airflow/dags/diabetes_training_dag.py
[2026-10-10T15:51:55.122+0000] {logging_mixin.py:188} WARNING - 2026/10/10 15:51:55 WARNING mlflow.utils.git_utils: Failed to import Git (the Git executable is probably not on your PATH), so Git SHA is not available. Error: Failed to initialize: Bad git executable.
The git executable must be specified in one of the following ways:
    - be included in your $PATH
    - be set via $GIT_PYTHON_GIT_EXECUTABLE
    - explicitly set via git.refresh(<full-path-to-git-executable>)

All git commands will error until this is rectified.

This initial message can be silenced or aggravated in the future by setting the
$GIT_PYTHON_REFRESH environment variable. Use one of the following values:
    - quiet|q|silence|s|silent|none|n|0: for no message or exception
    - warn|w|warning|log|l|1: for a warning message (logging level CRITICAL, displayed by default)
    - error|e|exception|raise|r|2: for a raised exception

Example:
    export GIT_PYTHON_REFRESH=quiet
[2026-10-10T15:51:55.124+0000] {logging_mixin.py:188} WARNING - 2026/10/10 15:51:55 WARNING mlflow.utils.git_utils: Failed to import Git (the Git executable is probably not on your PATH), so Git branch is not available. Error: Failed to initialize: Bad git executable.
The git executable must be specified in one of the following ways:
    - be included in your $PATH
    - be set via $GIT_PYTHON_GIT_EXECUTABLE
    - explicitly set via git.refresh(<full-path-to-git-executable>)

All git commands will error until this is rectified.

This initial message can be silenced or aggravated in the future by setting the
$GIT_PYTHON_REFRESH environment variable. Use one of the following values:
    - quiet|q|silence|s|silent|none|n|0: for no message or exception
    - warn|w|warning|log|l|1: for a warning message (logging level CRITICAL, displayed by default)
    - error|e|exception|raise|r|2: for a raised exception

Example:
    export GIT_PYTHON_REFRESH=quiet
[2026-10-10T15:51:55.126+0000] {logging_mixin.py:188} WARNING - 2026/10/10 15:51:55 WARNING mlflow.utils.git_utils: Failed to import Git (the Git executable is probably not on your PATH), so Git repository URL is not available. Error: Failed to initialize: Bad git executable.
The git executable must be specified in one of the following ways:
    - be included in your $PATH
    - be set via $GIT_PYTHON_GIT_EXECUTABLE
    - explicitly set via git.refresh(<full-path-to-git-executable>)

All git commands will error until this is rectified.

This initial message can be silenced or aggravated in the future by setting the
$GIT_PYTHON_REFRESH environment variable. Use one of the following values:
    - quiet|q|silence|s|silent|none|n|0: for no message or exception
    - warn|w|warning|log|l|1: for a warning message (logging level CRITICAL, displayed by default)
    - error|e|exception|raise|r|2: for a raised exception

Example:
    export GIT_PYTHON_REFRESH=quiet
[2026-10-10T15:51:55.262+0000] {logging_mixin.py:188} WARNING - 2026/10/10 15:51:55 WARNING mlflow.sklearn: Saving scikit-learn models in the pickle or cloudpickle format requires exercising caution because these formats rely on Python's object serialization mechanism, which can execute arbitrary code during deserialization. The recommended safe alternative is the 'skops' format. For more information, see: https://scikit-learn.org/stable/model_persistence.html
[2026-10-10T15:51:59.030+0000] {logging_mixin.py:188} WARNING - 2026/10/10 15:51:59 WARNING mlflow.sklearn: Saving scikit-learn models in the pickle or cloudpickle format requires exercising caution because these formats rely on Python's object serialization mechanism, which can execute arbitrary code during deserialization. The recommended safe alternative is the 'skops' format. For more information, see: https://scikit-learn.org/stable/model_persistence.html
[2026-10-10T15:52:02.118+0000] {logging_mixin.py:188} WARNING - 2026/10/10 15:52:02 WARNING mlflow.sklearn: Saving scikit-learn models in the pickle or cloudpickle format requires exercising caution because these formats rely on Python's object serialization mechanism, which can execute arbitrary code during deserialization. The recommended safe alternative is the 'skops' format. For more information, see: https://scikit-learn.org/stable/model_persistence.html
[2026-10-10T15:52:05.347+0000] {logging_mixin.py:188} WARNING - 2026/10/10 15:52:05 WARNING mlflow.sklearn: Saving scikit-learn models in the pickle or cloudpickle format requires exercising caution because these formats rely on Python's object serialization mechanism, which can execute arbitrary code during deserialization. The recommended safe alternative is the 'skops' format. For more information, see: https://scikit-learn.org/stable/model_persistence.html
[2026-10-10T15:52:08.444+0000] {logging_mixin.py:188} WARNING - 2026/10/10 15:52:08 WARNING mlflow.sklearn: Saving scikit-learn models in the pickle or cloudpickle format requires exercising caution because these formats rely on Python's object serialization mechanism, which can execute arbitrary code during deserialization. The recommended safe alternative is the 'skops' format. For more information, see: https://scikit-learn.org/stable/model_persistence.html
[2026-10-10T15:52:11.746+0000] {logging_mixin.py:188} WARNING - 2026/10/10 15:52:11 WARNING mlflow.sklearn: Saving scikit-learn models in the pickle or cloudpickle format requires exercising caution because these formats rely on Python's object serialization mechanism, which can execute arbitrary code during deserialization. The recommended safe alternative is the 'skops' format. For more information, see: https://scikit-learn.org/stable/model_persistence.html
[2026-10-10T15:52:15.364+0000] {logging_mixin.py:188} WARNING - 2026/10/10 15:52:15 WARNING mlflow.sklearn: Saving scikit-learn models in the pickle or cloudpickle format requires exercising caution because these formats rely on Python's object serialization mechanism, which can execute arbitrary code during deserialization. The recommended safe alternative is the 'skops' format. For more information, see: https://scikit-learn.org/stable/model_persistence.html
[2026-10-10T15:52:18.487+0000] {processor.py:840} INFO - DAG(s) 'Diabetes_risk_pipeline' retrieved from /opt/airflow/dags/diabetes_training_dag.py
[2026-10-10T15:52:18.693+0000] {logging_mixin.py:188} INFO - [2026-10-10T15:52:18.692+0000] {dag.py:3036} INFO - Sync 1 DAGs
[2026-10-10T15:52:18.720+0000] {logging_mixin.py:188} INFO - [2026-10-10T15:52:18.720+0000] {dag.py:3823} INFO - Setting next_dagrun for Diabetes_risk_pipeline to 2026-10-10 00:00:00+00:00, run_after=2026-11-10 00:00:00+00:00
[2026-10-10T15:52:18.751+0000] {processor.py:183} INFO - Processing /opt/airflow/dags/diabetes_training_dag.py took 26.756 seconds
[2026-10-10T16:16:38.105+0000] {processor.py:161} INFO - Started process (PID=407) to work on /opt/airflow/dags/diabetes_training_dag.py
[2026-10-10T16:16:38.110+0000] {processor.py:830} INFO - Processing file /opt/airflow/dags/diabetes_training_dag.py for tasks to queue
[2026-10-10T16:16:38.113+0000] {logging_mixin.py:188} INFO - [2026-10-10T16:16:38.112+0000] {dagbag.py:538} INFO - Filling up the DagBag from /opt/airflow/dags/diabetes_training_dag.py
[2026-10-10T16:16:41.498+0000] {logging_mixin.py:188} WARNING - 2026/10/10 16:16:41 WARNING mlflow.utils.git_utils: Failed to import Git (the Git executable is probably not on your PATH), so Git SHA is not available. Error: Failed to initialize: Bad git executable.
The git executable must be specified in one of the following ways:
    - be included in your $PATH
    - be set via $GIT_PYTHON_GIT_EXECUTABLE
    - explicitly set via git.refresh(<full-path-to-git-executable>)

All git commands will error until this is rectified.

This initial message can be silenced or aggravated in the future by setting the
$GIT_PYTHON_REFRESH environment variable. Use one of the following values:
    - quiet|q|silence|s|silent|none|n|0: for no message or exception
    - warn|w|warning|log|l|1: for a warning message (logging level CRITICAL, displayed by default)
    - error|e|exception|raise|r|2: for a raised exception

Example:
    export GIT_PYTHON_REFRESH=quiet
[2026-10-10T16:16:41.500+0000] {logging_mixin.py:188} WARNING - 2026/10/10 16:16:41 WARNING mlflow.utils.git_utils: Failed to import Git (the Git executable is probably not on your PATH), so Git branch is not available. Error: Failed to initialize: Bad git executable.
The git executable must be specified in one of the following ways:
    - be included in your $PATH
    - be set via $GIT_PYTHON_GIT_EXECUTABLE
    - explicitly set via git.refresh(<full-path-to-git-executable>)

All git commands will error until this is rectified.

This initial message can be silenced or aggravated in the future by setting the
$GIT_PYTHON_REFRESH environment variable. Use one of the following values:
    - quiet|q|silence|s|silent|none|n|0: for no message or exception
    - warn|w|warning|log|l|1: for a warning message (logging level CRITICAL, displayed by default)
    - error|e|exception|raise|r|2: for a raised exception

Example:
    export GIT_PYTHON_REFRESH=quiet
[2026-10-10T16:16:41.502+0000] {logging_mixin.py:188} WARNING - 2026/10/10 16:16:41 WARNING mlflow.utils.git_utils: Failed to import Git (the Git executable is probably not on your PATH), so Git repository URL is not available. Error: Failed to initialize: Bad git executable.
The git executable must be specified in one of the following ways:
    - be included in your $PATH
    - be set via $GIT_PYTHON_GIT_EXECUTABLE
    - explicitly set via git.refresh(<full-path-to-git-executable>)

All git commands will error until this is rectified.

This initial message can be silenced or aggravated in the future by setting the
$GIT_PYTHON_REFRESH environment variable. Use one of the following values:
    - quiet|q|silence|s|silent|none|n|0: for no message or exception
    - warn|w|warning|log|l|1: for a warning message (logging level CRITICAL, displayed by default)
    - error|e|exception|raise|r|2: for a raised exception

Example:
    export GIT_PYTHON_REFRESH=quiet
[2026-10-10T16:16:41.617+0000] {logging_mixin.py:188} WARNING - 2026/10/10 16:16:41 WARNING mlflow.sklearn: Saving scikit-learn models in the pickle or cloudpickle format requires exercising caution because these formats rely on Python's object serialization mechanism, which can execute arbitrary code during deserialization. The recommended safe alternative is the 'skops' format. For more information, see: https://scikit-learn.org/stable/model_persistence.html
[2026-10-10T16:16:45.228+0000] {logging_mixin.py:188} WARNING - 2026/10/10 16:16:45 WARNING mlflow.sklearn: Saving scikit-learn models in the pickle or cloudpickle format requires exercising caution because these formats rely on Python's object serialization mechanism, which can execute arbitrary code during deserialization. The recommended safe alternative is the 'skops' format. For more information, see: https://scikit-learn.org/stable/model_persistence.html
[2026-10-10T16:16:48.145+0000] {logging_mixin.py:188} WARNING - 2026/10/10 16:16:48 WARNING mlflow.sklearn: Saving scikit-learn models in the pickle or cloudpickle format requires exercising caution because these formats rely on Python's object serialization mechanism, which can execute arbitrary code during deserialization. The recommended safe alternative is the 'skops' format. For more information, see: https://scikit-learn.org/stable/model_persistence.html
[2026-10-10T16:16:51.231+0000] {logging_mixin.py:188} WARNING - 2026/10/10 16:16:51 WARNING mlflow.sklearn: Saving scikit-learn models in the pickle or cloudpickle format requires exercising caution because these formats rely on Python's object serialization mechanism, which can execute arbitrary code during deserialization. The recommended safe alternative is the 'skops' format. For more information, see: https://scikit-learn.org/stable/model_persistence.html
[2026-10-10T16:16:54.326+0000] {logging_mixin.py:188} WARNING - 2026/10/10 16:16:54 WARNING mlflow.sklearn: Saving scikit-learn models in the pickle or cloudpickle format requires exercising caution because these formats rely on Python's object serialization mechanism, which can execute arbitrary code during deserialization. The recommended safe alternative is the 'skops' format. For more information, see: https://scikit-learn.org/stable/model_persistence.html
[2026-10-10T16:16:57.522+0000] {logging_mixin.py:188} WARNING - 2026/10/10 16:16:57 WARNING mlflow.sklearn: Saving scikit-learn models in the pickle or cloudpickle format requires exercising caution because these formats rely on Python's object serialization mechanism, which can execute arbitrary code during deserialization. The recommended safe alternative is the 'skops' format. For more information, see: https://scikit-learn.org/stable/model_persistence.html
[2026-10-10T16:17:01.292+0000] {logging_mixin.py:188} WARNING - 2026/10/10 16:17:01 WARNING mlflow.sklearn: Saving scikit-learn models in the pickle or cloudpickle format requires exercising caution because these formats rely on Python's object serialization mechanism, which can execute arbitrary code during deserialization. The recommended safe alternative is the 'skops' format. For more information, see: https://scikit-learn.org/stable/model_persistence.html
[2026-10-10T16:17:04.531+0000] {processor.py:840} INFO - DAG(s) 'Diabetes_risk_pipeline' retrieved from /opt/airflow/dags/diabetes_training_dag.py
[2026-10-10T16:17:04.590+0000] {logging_mixin.py:188} INFO - [2026-10-10T16:17:04.589+0000] {dag.py:3036} INFO - Sync 1 DAGs
[2026-10-10T16:17:04.656+0000] {logging_mixin.py:188} INFO - [2026-10-10T16:17:04.655+0000] {dag.py:3823} INFO - Setting next_dagrun for Diabetes_risk_pipeline to 2026-10-10 00:00:00+00:00, run_after=2026-11-10 00:00:00+00:00
[2026-10-10T16:17:04.709+0000] {processor.py:183} INFO - Processing /opt/airflow/dags/diabetes_training_dag.py took 26.615 seconds
